,x1,x2,x3
0,-0.38226556846185233,-2.044354799768249,0.0
1,0.006111311227244078,1.3189778032022954,1.0
2,0.2798277446291873,-0.056635503846710976,1.0
3,1.0150676270887924,1.4659846689360565,0.0
4,0.3075373388556734,-0.21546995703953112,1.0
5,2.6176453509385493,2.0612358746384403,0.0
6,1.2780539267744144,2.706818741086023,0.0
7,2.077732712327731,1.156419751314423,0.0
8,-1.5837361083859205,-2.09574406288776,0.0
9,-0.44334524733910885,-2.242419376310562,0.0
10,-0.8770430053300338,-0.9292776822015993,1.0
11,0.5178102918906549,-0.3538186774195949,1.0
12,2.2171764264206293,1.8243727424347145,0.0
13,-2.0515584601829677,-1.883424237172537,0.0
14,0.004570498990894864,0.5321188119496566,1.0
15,1.6901075348309296,1.9500042288519952,0.0
16,1.5154675750700806,1.5547087030097693,0.0
17,-2.7516772160299556,-1.5335057865008541,0.0
18,0.42531574522028415,0.25369114480599686,1.0
19,-1.267169024324481,-2.1157050971263787,0.0
20,0.6369601020211566,-0.7109324667430618,1.0
21,1.1999946326655793,2.220670406552178,0.0
22,-0.24828239342979905,-0.6581549830398681,1.0
23,-1.0339369504297937,1.0785236322755427,1.0
24,-0.07224398319864583,-0.8875895879779522,1.0
25,-2.241906168183908,-1.2665329577705435,0.0
26,0.6867321211707348,-0.011260233323935753,1.0
27,2.7337788571525032,1.801214818382299,0.0
28,-0.5037794683039148,-0.8209470572030344,1.0
29,-0.7877098047298751,0.8489244815534535,1.0
30,-0.4343572224351612,-0.6717769402082726,1.0
31,-2.446852893229064,-2.4958631231954085,0.0
32,2.0172537426282116,2.331778309637322,0.0
33,-0.17157549089110374,0.8981465961124963,1.0
34,-1.7703605419926391,-2.0205453683191723,0.0
35,0.14676621679768317,-0.4679539493550018,1.0
36,1.946976125160552,2.160602536016467,0.0
37,-0.2135708958280838,1.5241389724555028,1.0
38,-2.321162098719707,-1.9847568749689903,0.0
39,-0.26013259963990054,0.022797608072109,1.0
40,-0.14072282094525024,-0.5180133488050696,1.0
41,2.4874001536050985,2.327763120166259,0.0
42,-0.9895301846502792,0.8391372552753212,1.0
43,-1.4824423932029294,-3.5933714557849594,0.0
44,0.49071709871099745,0.14292011521322318,1.0
45,-2.6195858611352776,-2.2620490024748046,0.0
46,-0.5523758238101216,0.5531608825347465,1.0
47,-2.166093796864333,-1.3256568166313367,0.0
48,-0.026483831308683745,0.9710755945391847,1.0
49,2.247363362996642,2.3224380481260907,0.0
50,0.8920694844513785,0.025667831930140137,1.0
51,-1.9148281020075322,-2.191597050287057,0.0
52,1.697774337579058,1.647790226896911,0.0
53,-1.8999959027764826,-1.6189811378647363,0.0
54,-0.24613121566819723,0.829309133035883,1.0
55,2.237585726683767,3.0869034228921475,0.0
56,1.9375707135986124,2.5287349678723587,0.0
57,-1.9474811174469975,-1.4367518745906138,0.0
58,-2.2087771135525074,-2.812033314888628,0.0
59,2.27068447391432,2.3601001269513753,0.0
60,0.5239871016422473,0.7198417058490226,1.0
61,-0.4624705804239391,-0.2885072045236375,1.0
62,1.1748188300327147,2.3738061175764438,0.0
63,0.37351148418299857,-0.37871516504811426,1.0
64,-0.46366312978692126,0.5292339596178064,1.0
65,1.7063105487469816,2.4581248798915523,0.0
66,-0.8282584513843615,-0.32154873699969705,1.0
67,-2.1009285336602446,-1.7732539389569149,0.0
68,-0.9932064229858066,0.09218667648939982,1.0
69,-2.894754555623363,-1.7363649792412779,0.0
70,2.4570224869160806,2.259131290486778,0.0
71,1.3666812268146904,2.3573671719767293,0.0
72,1.4820750685573563,1.2304979514229748,0.0
73,-2.186531703019083,-1.94155990023873,0.0
74,0.7890825994325834,-0.1940744834900543,1.0
75,0.27369816681308,-0.5669221184328065,1.0
76,2.091973081479454,2.416477224882732,0.0
77,-1.8278573071979922,-3.392356565474445,0.0
78,1.5440394393092556,1.7166060561518273,0.0
79,-0.9257528682925741,-0.24105824527590036,1.0
80,-0.06746625361157292,0.5387185039218728,1.0
81,0.024042873928665272,-0.19665295037785005,1.0
82,-2.9781190081796267,-1.7223306466845356,0.0
83,0.14320894255910122,-0.06973346372265112,1.0
84,1.3026989695908995,0.3972445733998238,1.0
85,0.9963645359367084,-0.8499620894553843,1.0
86,3.67982458945215,1.804534205248983,0.0
87,0.08448639112694155,0.2840929569998773,1.0
88,1.6248524464656957,1.558105297096551,0.0
89,-3.4217521431359614,-1.4815686197014113,0.0
90,-0.9916821853517062,0.6395560912301334,1.0
91,0.0495666192937206,-0.49292071021171646,1.0
92,1.0848790863473852,0.2619830847775758,1.0
93,-0.049406188074811265,-0.2877738090442839,1.0
94,1.4890864493577252,2.253310764781455,0.0
95,-3.135417135990405,-2.1066878862218075,0.0
96,2.5227585617687156,2.396342484824947,0.0
97,-0.7296459484475165,0.08440314198477655,1.0
98,3.4474086449075925,1.7256699485236013,0.0
99,0.35002080409277925,0.5559628609851632,1.0
100,0.2668688174443501,0.6134353934652417,1.0
101,-1.6351061434396152,-1.3310226062315587,0.0
102,2.906314839189965,1.6571129509687406,0.0
103,2.2213332245513993,1.8282090315139845,0.0
104,-1.1644889303394366,-1.3774485997696195,0.0
105,1.5277803576423885,1.649137438149519,0.0
106,-0.006681376404400264,0.8064446248040561,1.0
107,-2.0295944420885434,-1.856579839251941,0.0
108,-0.24406038277106745,2.5841460771128943,0.0
109,-1.9690550343380666,-1.4796340227149434,0.0
110,-2.3861710416997344,-3.334041891334656,0.0
111,0.5945455042109071,-0.11202546708586754,1.0
112,0.8519183833178614,-0.5790639648386503,1.0
113,-1.0176787600989259,0.43811011867776867,1.0
114,-2.273495208679621,-1.1443047487884401,0.0
115,2.0380942882320614,1.8671657009917615,0.0
116,-0.3909937254346684,0.30288927380430103,1.0
117,-1.7353802556361093,-1.8927242805600921,0.0
118,3.0677354505244283,1.9816565333780252,0.0
119,2.2459894135693803,2.240384220085716,0.0
120,0.3099044665690556,0.24557699798457322,1.0
121,-0.8902452519922182,-2.1284999937200504,0.0
122,1.7668142159164182,1.6119247906451588,0.0
123,0.4601942703357307,-0.6156043509754691,1.0
124,-0.006033883121408723,0.7428041615750639,1.0
125,-1.2618255915633676,-1.2785720907293534,0.0
126,-0.7299253871097948,-2.96652704206996,0.0
127,1.6850363462516007,2.1646501971692054,0.0
128,1.5318320789659616,2.8724214493035003,0.0
129,-3.202529429299349,-1.7738740874894643,0.0
130,-2.303214990358646,-2.4894749251963826,0.0
131,0.8885944059829782,1.5720038057647538,0.0
132,-1.7966575248704333,-0.7873738631091216,0.0
133,2.0936858747232843,1.665926153382,0.0
134,0.11005718800051484,0.17274925932916702,1.0
135,-2.2307872538855107,-2.266301655893119,0.0
136,-3.1674218498983753,-2.547670096481175,0.0
137,-0.9136608543025115,0.33417847234733217,1.0
138,0.02287643045696079,0.3076305140834392,1.0
139,-0.12054451992055602,0.07351879059198092,1.0
140,2.3730929165065353,1.518056314289105,0.0
141,-0.607520096431821,-1.9297454767067348,0.0
142,1.1561242069378213,1.89510597702934,0.0
143,1.1468578188326528,1.4383943008734401,0.0
144,-2.5153834330666056,-2.5393652938793214,0.0
145,2.9085092786046784,2.1386112093303655,0.0
146,-1.8750350131538838,-1.4140165781097722,0.0
147,-1.4538926551444449,-1.8096690708852188,0.0
148,2.121728626665573,2.748017084536661,0.0
149,1.6268431050566325,2.098262267782769,0.0
150,-1.3928945402034865,-2.394770626856701,0.0
151,-1.4852456454245981,-1.315338880005456,0.0
152,1.5778908106278668,1.6309874907797033,0.0
153,-0.28814942099695523,0.5616645300658185,1.0
154,-3.012938016662859,-2.067479589535732,0.0
155,0.19401391888815517,-0.8216346744282943,1.0
156,-1.7584246813219788,-3.065532799977097,0.0
157,1.4521270774587078,1.892925911061642,0.0
158,-0.05940498677044642,-0.6303923019524937,1.0
159,-2.0797283465521734,-2.178674527641037,0.0
160,-0.28244549890963633,0.16367783371815847,1.0
161,-2.375334221065552,-1.4047179028888965,0.0
162,0.08846064099058314,-0.5864789263475215,1.0
163,-0.6076038742611546,-0.6163781262452774,1.0
164,-2.1751024176487177,-2.456895327086974,0.0
165,2.607300977104873,2.8305120347484922,0.0
166,2.0051329556037865,1.3897902790251124,0.0
167,2.377399752474093,2.1884203061882874,0.0
168,1.3096366185475694,3.5326696512508264,0.0
169,0.5404343430535083,0.5348184638117665,1.0
170,-1.4474847057315086,-1.8087634082341872,0.0
171,1.1142613618535158,0.24880455996553252,1.0
172,3.1676297015275274,2.5858290467119684,0.0
173,-0.14704905334611335,-0.46720528359456776,1.0
174,-2.4882766899387834,-2.8694705664421583,0.0
175,0.7618588501885823,-0.4259125092876624,1.0
176,2.5963413415087007,2.3937623965741333,0.0
177,0.7111289130614613,1.3801011348251797,0.0
178,0.8024138785059414,1.46826750849523,0.0
179,0.6127348459002978,0.4252171638662559,1.0
180,-0.7915639070489193,-2.184059465616203,0.0
181,2.506393348014737,2.2057859227201617,0.0
182,-0.4358194993116613,-0.10347515800887423,1.0
183,-3.256761842723687,-1.925766851459896,0.0
184,-2.0619313110761346,-1.7536408988369767,0.0
185,-1.7775049992313388,-1.9147629168876585,0.0
186,-2.0973310685460147,-1.5383418930936177,0.0
187,-1.1144899629567226,0.2295588820340777,1.0
188,-1.0108975938390927,-2.930008513614889,0.0
189,-1.8210570954763665,-1.204168461987782,0.0
190,1.9726314303350845,2.223173330938987,0.0
191,2.389526316700527,1.6716783535942734,0.0
192,1.9567561872067425,2.530468792829517,0.0
193,2.3425699039076724,2.643380388372855,0.0
194,-1.692298125444346,-2.1957910772949907,0.0
195,-0.01791367298181976,-0.07090247061995508,1.0
196,-2.2994099827965098,-1.9871892656938708,0.0
197,-2.131724616998728,-2.650421972403161,0.0
198,1.4785534484000529,1.7250625077785104,0.0
199,-1.015422262484465,0.4376078077682557,1.0
200,1.2006227198871076,3.1342422218489934,0.0
201,-0.6589736587948479,0.3435680118244741,1.0
202,1.4555204111478215,1.8845574753224559,0.0
203,-2.468182643900924,-1.837332322131971,0.0
204,-1.0798627088800468,-0.6628140883233656,1.0
205,1.947603087765431,1.6676211555256533,0.0
206,-2.0438717875689183,-2.778427793574044,0.0
207,-2.393878204982919,-3.7007327031648214,0.0
208,-0.3544542917459772,0.5831821763193453,1.0
209,2.176264586459452,1.4740808891361286,0.0
210,1.0569495575040908,1.9832909716959726,0.0
211,1.4983366373771423,2.198655452893039,0.0
212,-0.028366629417748285,0.39848642961519026,1.0
213,1.2918718755423495,0.280982944613755,1.0
214,1.8959898749736803,2.738752135755985,0.0
215,-2.0769451844166213,-2.163062939894418,0.0
216,-2.287793488404769,-1.6277850209938924,0.0
217,0.11869690070992069,0.05865048145331117,1.0
218,0.25071222193039555,-0.024011235210979753,1.0
219,-0.6031871234093152,0.0608442880009266,1.0
220,-2.522478289509129,-2.347309798858649,0.0
221,0.22555645546048808,-0.5481567059862642,1.0
222,2.078632669530477,1.4725423926402437,0.0
223,0.40653422015263024,0.7843103070487544,1.0
224,-2.9795807157406973,-2.9406606345850723,0.0
225,-2.006687367105105,-1.9931006600779626,0.0
226,1.917260180660776,1.0997880343014024,0.0
227,2.2977076473730285,2.3461735360391924,0.0
228,0.12933183227321088,0.34080441553585206,1.0
229,2.095515060001287,1.4071419872188333,0.0
230,-1.2147987485886924,-2.015479134952692,0.0
231,-1.9409732559107147,-1.7711502474744976,0.0
232,-0.4891653966818751,1.080728394485121,1.0
233,1.624365036866106,1.2018833526053028,0.0
234,-1.2948411383767542,0.791130610854502,1.0
235,2.065188274827816,2.401003391816293,0.0
236,2.039183363203009,1.535892318343573,0.0
237,0.41919014058465315,0.312975136344204,1.0
238,-1.7585950152934706,-2.410886054564188,0.0
239,1.4130676302801977,1.0861999182924231,0.0
240,-1.4233163229078092,-0.8290470056969911,1.0
241,0.3230622002127232,0.29000511106834304,1.0
242,0.44396686115497386,2.0583505261866715,0.0
243,1.456678522868303,2.159024361343591,0.0
244,2.1180620540524133,2.581774237534428,0.0
245,-0.03704598087474064,-0.2681017521975727,1.0
246,-2.538440556141098,-1.212517779715402,0.0
247,1.6481918534478597,1.7318773609680218,0.0
248,2.286874997817808,1.9441263247715372,0.0
249,1.4930649685986768,1.0175817198085015,1.0
250,0.8409140496031472,0.09506030807131903,1.0
251,2.7069136186889584,1.2679297058410683,0.0
252,-0.377388424554761,0.6420435072425862,1.0
253,-0.9726168671940221,-2.47526901233909,0.0
254,-2.412379422293998,-2.0704847278508667,0.0
255,-3.3533385376413136,-2.613504106181362,0.0
256,1.7567165257155972,2.2603633809381733,0.0
257,0.9526569142472204,-0.3859545610732433,1.0
258,1.4983219239032075,3.0863490563501665,0.0
259,0.8018317093936761,-0.07202467325766482,1.0
260,-2.775714145834069,-1.8397694783904903,0.0
261,0.4880713470684642,0.2839743569488797,1.0
262,-0.06298782061137213,0.820448989476095,1.0
263,-2.16064012213638,-2.676806798882004,0.0
264,-2.2120590492543193,-2.9698845131906193,0.0
265,-1.901642856528448,-1.9422071864472819,0.0
266,-2.8090478526536717,-1.2410100020862465,0.0
267,1.3013309276777214,1.2328916956875884,0.0
268,-1.5400020910129484,-1.7862243095166266,0.0
269,0.797376448531934,0.13074203227300138,1.0
270,2.0133275987098904,2.3260720637496353,0.0
271,-1.6140113209622433,-2.9423740451800717,0.0
272,-3.105841730093989,-2.286784402424292,0.0
273,1.4280923011909574,1.7124215614673401,0.0
274,-1.832045240574057,-2.0588902337857746,0.0
275,-1.8740903132461668,-2.7443747597337365,0.0
276,1.773929534535479,1.4545806042487452,0.0
277,-0.3844354345141194,-0.6805869562333364,1.0
278,-0.8701095817662474,-2.8086554366854677,0.0
279,-0.8177645683248057,-0.4750539093860786,1.0
280,0.5311125247253563,0.8842588890830428,1.0
281,-0.20027457621213848,-0.012077462326522485,1.0
282,0.05170610542807201,1.314538807943904,1.0
283,0.6792030802063979,-0.3365886018790539,1.0
284,0.02464933568632774,0.35607955176194345,1.0
285,0.011353262329316842,-0.04922049188729049,1.0
286,0.6622163744772901,0.2403184107592237,1.0
287,0.23345638131943233,0.702624638772293,1.0
288,-2.4045995963944256,-1.9809016650353892,0.0
289,2.4932458140782825,1.8720708578769074,0.0
290,0.7420655112706112,2.9730367869497574,0.0
291,1.4296892327332817,1.7216021460014936,0.0
292,-2.016909337003193,-1.7430008776817494,0.0
293,1.7113735868035789,1.859183387406248,0.0
294,-0.2922548590270941,0.539380436752836,1.0
295,-0.9068509412837564,-2.0453902823530536,0.0
296,-2.6088955446406645,-2.361399112149717,0.0
297,0.2669120629119051,-0.002257690287014415,1.0
298,0.05187151440455607,0.14862382708009458,1.0
299,2.0145285860844337,1.7391256119500593,0.0
300,-0.11201455326876596,-0.6861848375051097,1.0
301,1.3409466482647083,1.7736413267107245,0.0
302,-0.8561626112561949,-0.559542137938208,1.0
303,-1.6615948789557144,-2.7707313787955163,0.0
304,-0.38823211582965556,0.1027461270913275,1.0
305,1.895835058568371,2.5389443734421695,0.0
306,2.167517895508526,1.7737692762363328,0.0
307,-0.23874725915450484,0.46954732850518643,1.0
308,1.9007244414585864,2.715944681580927,0.0
309,2.786117910319736,2.0548620999146885,0.0
310,0.022870800107640216,-0.3473508839659247,1.0
311,0.06753451854387257,-0.39332701769061484,1.0
312,-1.5605455941470743,-2.2251334404564034,0.0
313,-1.6826338289500506,-1.8523113267890936,0.0
314,1.8947801869415193,2.7329498847655898,0.0
315,-2.610825125172419,-2.0467128535645105,0.0
316,-0.39582674832580206,0.28440472036621783,1.0
317,2.1196382436832915,3.167456834783796,0.0
318,1.982790057501444,3.0100747692037357,0.0
319,1.9128978534840693,1.6782004872806515,0.0
320,-2.5913064426104904,-2.883101004478152,0.0
321,-0.25827714713147576,0.6896276300202744,1.0
322,2.0911403174687138,1.6536646258404573,0.0
323,0.4787479179400473,-0.5321277623228626,1.0
324,0.27575094290043367,0.16803471602260808,1.0
325,-2.3325857759427806,-2.2823825948928746,0.0
326,1.5421305227929782,2.9110897554678328,0.0
327,2.094241677714685,1.4117244526627064,0.0
328,0.8054122147547719,0.11871198574029185,1.0
329,2.2991927873891296,1.6653875239846943,0.0
330,-1.864651001858718,-1.1665128105932436,0.0
331,1.6500732231104083,2.3864010193369465,0.0
332,0.07594128091846497,0.4758042424184564,1.0
333,1.0484884548919855,2.6187914626139754,0.0
334,2.6418754351153795,2.957242501145714,0.0
335,0.25987123766936,-0.1261132882780574,1.0
336,-1.4383225110133506,-1.5929719406957177,0.0
337,0.6591489889386879,-0.07624029770311015,1.0
338,0.015231362643875392,0.3662350585832476,1.0
339,2.0578874855631413,1.2951079394029632,0.0
340,3.206745911694597,1.8586980113996883,0.0
341,0.42278563244993456,0.0933544409813385,1.0
342,-0.6213634388306968,0.08500029892291817,1.0
343,2.337207863548509,1.3952541180296612,0.0
344,-2.2371373895926125,-2.695652309839948,0.0
345,1.34028104421831,2.0522008314365965,0.0
346,-0.2757758653616634,0.002149923572750188,1.0
347,2.914262718570232,1.9656312801256908,0.0
348,2.065289162548528,1.1027534748438383,0.0
349,0.3740721656546295,0.5344030088588368,1.0
350,2.6391348253868845,2.214292196784639,0.0
351,1.6027854379028856,1.5518501977620376,0.0
352,0.6621022600370253,-0.3451535968836708,1.0
353,0.01604302960478216,0.11007015214894578,1.0
354,1.08163025336083,2.196573907540869,0.0
355,2.280050390251061,2.096663793345007,0.0
356,1.9384823115375036,1.7450717332789591,0.0
357,1.3085505626242995,2.532939194029267,0.0
358,2.0263973068663934,1.8095226697039568,0.0
359,-1.1029060438020073,0.3918223700438571,1.0
360,-2.3960337920804498,-1.8945086280223833,0.0
361,-2.2437818782670376,-2.5184269946614215,0.0
362,-1.8121593790094592,-2.512457443581035,0.0
363,-1.6992071219453921,-0.6500559961585678,1.0
364,-1.8682942665241729,-1.764162239611945,0.0
365,-0.586137232041195,-0.35374795352712934,1.0
366,-2.5514680669219665,-1.8843476905608703,0.0
367,0.4855081781118976,-0.718855728114623,1.0
368,0.01650582121790148,1.3392098337151066,1.0
369,0.19967893044267285,0.6082503284989563,1.0
370,0.14403415757803123,0.06009564485437409,1.0
371,2.5979048306401444,1.6711175193264984,0.0
372,-2.5763026289798887,-2.475870417624603,0.0
373,-1.5617889257737885,-1.337252915857114,0.0
374,-1.157272691036173,-1.91213553771305,0.0
375,0.08646389107393909,0.1400748477973908,1.0
376,-2.97945398124079,-2.040280492768713,0.0
377,1.8460099187117116,1.976914005056628,0.0
378,-1.972919590740794,-0.5962251163879653,0.0
379,0.10462382922091537,-1.316210011016796,1.0
380,-2.4006276323423354,-0.9908469559561175,0.0
381,-2.0663243943394836,-1.3878963729705203,0.0
382,-2.0786324069248474,-1.3201520722641669,0.0
383,0.027681035373410955,-0.5750246881359369,1.0
384,0.8736123091663419,2.6530011258857047,0.0
385,-0.3392986838247938,0.2856188300628687,1.0
386,-2.0332115288134336,-2.158362409155613,0.0
387,2.05724712549612,3.4024457968869655,0.0
388,1.4203620889735582,3.296007865022441,0.0
389,2.9034519432545047,1.6426796754165927,0.0
390,-1.7967677161365714,0.5285625366485829,1.0
391,2.300749637773659,3.2672117741720443,0.0
392,1.6963540663528072,1.5869323167675211,0.0
393,-0.0885824487089025,0.6790871740970715,1.0
394,-1.7910984588549148,-1.6020451461924956,0.0
395,2.3308841280805517,1.5124903722886394,0.0
396,-0.7558724060431621,0.017172302512669692,1.0
397,-0.5011156141148898,-0.5680442465743137,1.0
398,-0.09302148487099547,0.03963615707189555,1.0
399,-0.8794646237440582,-1.4563732050347689,0.0
400,1.794629264143651,1.7574233476223038,0.0
401,2.3683887850816556,1.6541272082258107,0.0
402,0.1479893731514677,0.36479550564383834,1.0
403,-0.5960168252538812,1.2252432898961725,1.0
404,1.7869501265264478,1.5490586059214373,0.0
405,1.1219929634999,1.7421166939756094,0.0
406,-0.07837223759707164,0.8404134206658008,1.0
407,2.5632990358362657,0.3702318144694554,0.0
408,2.126793816565985,1.8785634422833604,0.0
409,-0.5304088378488516,0.7404864214680369,1.0
410,-0.009003052218818882,-0.06804697838564037,1.0
411,2.548330794970104,1.8452630842343856,0.0
412,1.4198413469259594,0.9609611921192442,0.0
413,2.1920191592556386,3.2475059988770223,0.0
414,-2.4594213166868517,-1.6665278215502761,0.0
415,-1.1660741107720936,0.30497951135638385,1.0
416,-2.2323960904447713,-2.1813816503452013,0.0
417,-0.23554035477909147,-0.655330764804374,1.0
418,-0.4077558255264864,-0.3385907458094934,1.0
419,-1.9309112761159448,-2.227488537727954,0.0
420,-0.16894525848006126,-0.3536320211871416,1.0
421,2.239684601125095,1.7067831704491498,0.0
422,1.5168209648890507,2.143251722243679,0.0
423,-1.8829581817091714,-3.068937713423355,0.0
424,-2.9302576070500885,-1.7496087073808988,0.0
425,0.23169982625902147,0.060520237954387074,1.0
426,-0.3919708211567334,0.04710841510450577,1.0
427,2.491971864837071,2.6368609758575836,0.0
428,0.9965332474574717,2.3732451179108613,0.0
429,0.14736985674106548,-0.019797888158799657,1.0
430,-2.559673424903863,-1.254008369326907,0.0
431,0.38583272720357564,0.352934957470762,1.0
432,1.3980405458576666,2.104777746688142,0.0
433,1.6544386354870793,2.9366591341374497,0.0
434,-1.6967678368535943,-1.7844505060919262,0.0
435,2.22448279868095,2.7861587620299972,0.0
436,2.1062950024047877,1.38609612198263,0.0
437,-0.6039354388765424,-1.285984839143213,1.0
438,-0.8401537248767651,0.10480805573890124,1.0
439,-2.1802872713512533,-2.2130172386332245,0.0
440,2.497777904179649,2.248031012520292,0.0
441,-0.9984495161738189,-1.8188064737854683,0.0
442,2.2333951670018286,1.5427766240957437,0.0
443,-1.8656938620122536,-1.802226210723357,0.0
444,-1.976821668895887,-2.994029061393172,0.0
445,-1.5371564307938927,-1.3823367027303397,0.0
446,2.7060721774303182,1.8244434757051455,0.0
447,3.559920298627434,2.9992697038608287,0.0
448,-1.6418561112512278,-2.5923720160745916,0.0
449,1.5909526857752494,1.6333604513029192,0.0
450,-1.423583960923604,-1.2025622920761907,0.0
451,1.419723757374073,1.393672274732825,0.0
452,-0.9347991169100378,-0.30422086185920244,1.0
453,-0.5599897441361533,-0.020685027653038954,1.0
454,1.8550081024212677,2.095191158039746,0.0
455,-1.7391152253613051,-1.6759433236851164,0.0
456,2.124939902426604,1.0886788045054825,0.0
457,-0.28994972548746445,0.0015427094589060151,1.0
458,-2.1143920961488396,-2.23690970842007,0.0
459,-1.4316488193357513,-2.0930060558545005,0.0
460,-2.2722824246312006,-1.7580412759020518,0.0
461,-2.3194939515254407,-1.6129668359240739,0.0
462,0.29813588690308174,-0.3990249708952146,1.0
463,1.1177589589171513,2.6062565318753053,0.0
464,-1.3421918926005207,-2.140529480806722,0.0
465,1.1710566073606883,0.743964329896416,1.0
466,-2.469577493496515,-2.066233579416133,0.0
467,2.44808829970936,1.6175364779417392,0.0
468,0.8517195771980113,0.6287003307262129,0.0
469,-2.207749668588386,-2.476781792642899,0.0
470,-1.500409556321313,-1.8037602745273869,0.0
471,-2.3583896413792176,-2.1427530378416044,0.0
472,1.2907379604150062,1.5702931656426555,0.0
473,-0.009467530272597105,-0.29503806480811656,1.0
474,-1.720602536161724,-2.921746211766334,0.0
475,2.5941936863935675,2.9758588945953544,0.0
476,0.16539992960446462,-0.42503103140286425,1.0
477,1.0834208310927358,2.557245154884165,0.0
478,1.9066974191049608,2.3907812352784292,0.0
479,0.24484478960770123,-0.9780015906142252,1.0
480,0.43893094911729236,0.1917898698804438,1.0
481,-1.5941235605830262,-2.229205373346692,0.0
482,-2.78391611104119,-1.0051215922290873,0.0
483,-2.40681546893867,-1.2212925256093408,0.0
484,1.1131477256522875,0.849393735704808,1.0
485,0.04058053804015186,-0.27781305246543053,1.0
486,2.2485841003543707,2.0743757761229964,0.0
487,2.081618730424626,1.4970133065807794,0.0
488,2.5447424489826105,1.3440642905241682,0.0
489,3.0184078886083694,1.6600381852173776,0.0
490,0.0635007861700672,-0.5163058482657648,1.0
491,-1.2284095957518242,-2.9041990389285632,0.0
492,-2.0861477070297925,-2.22921526937023,0.0
493,0.36036312103984564,-0.007950160760415995,1.0
494,-1.9816389053968892,-2.0417849470681615,0.0
495,-0.3504561280769516,0.2010633721175993,1.0
496,2.716286294375154,1.6893664147248377,0.0
497,1.9727699815122366,1.9681169963351113,0.0
498,1.4638727610201787,1.3288844764476615,0.0
499,-1.6315523777923517,-1.446675997060084,0.0
500,-0.5384457021788022,0.8017410544875726,1.0
501,-0.38577153201173425,0.09006913620367751,1.0
502,-2.457268707153499,-2.5326680819815612,0.0
503,-1.3906008310747393,-1.5793751953009418,0.0
504,1.3945255812716681,1.1806683638474769,0.0
505,2.6068687347313677,1.4577854419605547,0.0
506,-1.955248156073868,-2.646259441642397,0.0
507,-1.2409532971467403,-1.8731017923608733,0.0
508,-1.3530816177714573,-3.535510799806458,0.0
509,2.9040804373696663,1.7641541625239339,0.0
510,-1.3128426961884652,-1.7921033347959436,0.0
511,-0.07715253018981635,0.2732519945620857,1.0
512,0.8699085152167313,-0.5288682398810782,1.0
513,-1.1462099020903365,-1.762348049026064,0.0
514,-1.7741446813066224,-2.6596404743505166,0.0
515,3.1980596009286715,2.6319199388492667,0.0
516,1.8758153150458017,1.6620143844416513,0.0
517,2.0783144155189643,1.0012560494194138,0.0
518,-2.0253028707743472,-2.1721323154339447,0.0
519,-2.2481713884558485,-2.4484728868644545,0.0
520,2.7447795321895945,1.9064612085405779,0.0
521,-0.1393764043119584,0.4373579204311436,1.0
522,-0.9985037910997041,-0.07594159898363391,1.0
523,0.422151332786033,0.5574870886612147,1.0
524,-0.9057969636409793,-0.1664348350458659,1.0
525,-1.5282032227346143,-2.279851458041566,0.0
526,0.873484771102106,0.03329533526628166,1.0
527,-2.617961169985386,-2.209966018753463,0.0
528,0.067123438137779,-0.40542188602299056,1.0
529,1.7939492815504448,1.4916738932248825,0.0
530,-0.7496031089169254,-0.42587106007169956,1.0
531,1.360911137369551,0.7018033923101827,0.0
532,-1.8896447033958141,-2.231293856225365,0.0
533,-3.373172024008717,-1.8491093509870777,0.0
534,1.3345563609233735,2.1155696660207677,0.0
535,-1.4774229306970281,-2.526782369921522,0.0
536,0.2764765966207533,-0.2405916947378406,1.0
537,-1.0491076835905893,-1.611219325394067,0.0
538,-1.5488320473936827,-1.6622061688483234,0.0
539,-0.617649981389635,-2.6360094936329284,0.0
540,-2.0542292043661683,-1.179441656115972,0.0
541,-2.360394534594673,-1.0686540919708636,0.0
542,0.15527854040436523,0.6241433785497351,1.0
543,-0.08561262724407902,-0.7365818522462447,1.0
544,0.7498445964230451,1.3093099186240633,0.0
545,-2.9611016293835224,-2.5323085651070243,0.0
546,-0.10628242998919413,-0.5344375098368975,1.0
547,-3.269033609112684,-1.1567807367653478,0.0
548,-1.8646348073173378,-1.7301727398608044,0.0
549,-1.9761399592481028,-2.9401968265169613,0.0
550,-0.28883557442857993,0.8382391807882456,1.0
551,-3.018863491659353,-1.7676317147629619,0.0
552,1.5857411423834238,2.8573354546147858,0.0
553,-2.1854077814282733,-3.0056022837979857,0.0
554,2.7050932351519252,1.3251783711417602,0.0
555,-2.0336798122692543,-2.0008310256410575,0.0
556,1.3995437058507498,1.0425334331352116,0.0
557,-2.093614334598372,-1.370544087247994,0.0
558,-1.1094784363652705,0.8459712830376876,1.0
559,-3.0535343500626313,-1.729439322916451,0.0
560,0.32407381584029643,1.3742802423183231,1.0
561,-1.4088094946360799,-1.5398481982032806,0.0
562,1.0265019495279932,0.8486490256374142,1.0
563,0.06764276474144235,0.39436061418286633,1.0
564,1.466812830145018,1.9185140944137882,0.0
565,0.0631392822355655,-0.05499564486022991,1.0
566,1.939818978432901,1.5779599446843133,0.0
567,1.9621220600141585,1.5072409553493444,0.0
568,-0.21412291681535908,0.3273943940820165,1.0
569,4.280996128980269,3.3891023804035667,0.0
570,-1.801978931293813,-0.6644334009570447,0.0
571,-1.10704868372264,-0.8624664943816502,0.0
572,-0.2771362892125708,-0.37589413388945253,1.0
573,-2.301690020385523,-0.5525277922737508,0.0
574,1.5701335054481136,1.6962358800953068,0.0
575,-1.9703030110099455,-1.7036979342314262,0.0
576,-1.8317349768102225,-2.5958741665577483,0.0
577,-0.833868611337724,-1.1722071375716439,1.0
578,-1.22231007948327,-1.6301244124243068,0.0
579,-1.445722063811632,-2.0795408087922307,0.0
580,-1.9640631901302343,-2.1275138268621854,0.0
581,2.649554822282536,2.220802195568326,0.0
582,-1.2727058669414615,-1.103307962255099,1.0
583,-0.6476058996149971,-0.06853533087010812,1.0
584,0.008249092401320194,-1.1068206981768276,1.0
585,1.7676119375258899,1.7914492922507335,0.0
586,-0.07115197413005538,0.29302235425779444,1.0
587,-1.8294321975156713,-0.9543987316066214,0.0
588,2.499126671035807,2.0041167191236986,0.0
589,-1.1035525561054365,-2.1230949582594807,0.0
590,2.4702466962048364,3.1408040311088676,0.0
591,2.1837220377822253,2.218218735628018,0.0
592,-0.4708124468576671,-0.20134838614990014,1.0
593,1.5639727844103215,1.8697021305655,0.0
594,-0.4639155061340632,-0.8939598049328954,1.0
595,-1.5369256692717996,-1.5058975076217611,0.0
596,-1.0980171302566861,-0.4175010716097284,1.0
597,0.06130699616638244,0.3029968330680067,1.0
598,1.1485378182376884,-0.999573646078631,1.0
599,2.4035820311408562,2.1558994970020855,0.0
600,-1.7310828293460125,-0.9822910563031038,0.0
601,-2.2190331299277544,-3.0747965288247103,0.0
602,-0.9716159897385255,-0.30662427814806587,1.0
603,2.063991376701819,2.9114019679616874,0.0
604,1.814498891371112,1.7789507351674427,0.0
605,2.1221238202427677,0.7493407187830825,0.0
606,2.0839930804321156,1.7935726226902249,0.0
607,-0.6074742916462837,0.7503418995260609,1.0
608,0.24427819864994887,-0.37713454814675385,1.0
609,-1.703754933590487,-2.06966236342062,0.0
610,-3.5496779797819666,-2.6923702181912055,0.0
611,-1.5850767493578881,-1.5831505138063964,0.0
612,-1.566139703757321,-1.9852327248512531,0.0
613,-2.268899217608425,-2.389602756638233,0.0
614,2.4502895223518237,1.5413587826055126,0.0
615,-0.19926136640929507,-0.43285877734305345,1.0
616,-2.3296991277824244,-2.6591424365331977,0.0
617,-0.7184566173831398,0.8918395520798307,1.0
618,3.0276349585374165,1.5876217864695614,0.0
619,-2.040365365353789,-2.7910375217868406,0.0
620,-0.5321425957703253,0.5269822546395182,1.0
621,-1.2927322573042095,-2.1079549014874104,0.0
622,-2.7074947583826128,-1.2191431570011435,0.0
623,2.4204080654562152,2.4179903926017587,0.0
624,0.38012034147624024,-0.3652890704502788,1.0
625,2.134968829438624,1.8030193359665163,0.0
626,1.7956639790372826,1.2180679503929512,0.0
627,2.399353572172779,2.002169780570422,0.0
628,1.7362498697123037,1.138075184438493,0.0
629,-1.423665665325663,-1.8644957128383859,0.0
630,-2.2224224019322723,-2.567369477333775,0.0
631,-2.357788423070305,-2.031540377761728,0.0
632,1.1200098889989762,0.45448099803684233,1.0
633,1.696795566861269,0.78903087898747,0.0
634,2.5633031857466833,2.268232491394494,0.0
635,-2.815868435302288,-2.0248404869347802,0.0
636,1.48837146075957,2.243391337882792,0.0
637,-2.790630405884459,-1.6753950680241154,0.0
638,-2.3257168856100305,-1.7503699722431447,0.0
639,2.5627348232416365,1.4880569094348135,0.0
640,1.7445104801816786,3.204889567626175,0.0
641,2.7512011896518187,1.3131844212544415,0.0
642,-1.4813382806842967,-2.445299012243865,0.0
643,-0.31720239536129313,-0.06480230206857475,1.0
644,-1.9036032861081362,-2.5715869716892326,0.0
645,-0.20500685855752834,0.014574548482668231,1.0
646,1.4945033017451306,1.8952318081101103,0.0
647,1.5213783440357496,2.28162333520325,0.0
648,-0.3726496186208264,1.0407433049542254,1.0
649,-2.853151922984262,-0.8012263521499972,0.0
650,-2.481884832404977,-2.278602614861295,0.0
651,0.20293528421106918,0.3910687570203696,1.0
652,-0.8264526150495835,-1.7659440063872442,0.0
653,1.2544358369286264,1.9833809246998384,0.0
654,-1.4127572095365566,-0.6554640804791254,0.0
655,0.38617876527200307,0.41333799996475934,1.0
656,-1.9887249249354453,-2.3562664686672004,0.0
657,-3.418504290284708,-1.9877994909768542,0.0
658,-0.33307580729666997,-0.10348939026417654,1.0
659,-0.35062516518679315,0.21935487613478163,1.0
660,-2.7678135039225435,-2.3512587225666635,0.0
661,0.19547976818437532,0.07486171262592745,1.0
662,1.4372314428431072,2.1642376697148342,0.0
663,-1.5809257105355985,-1.9977374665482384,0.0
664,-1.682572856999341,-1.7464228269747046,0.0
665,-1.7442447615331393,-1.5938551789818527,0.0
666,-1.8560797364628328,-1.904624795524614,0.0
667,0.15139885883071275,-0.23447879764860813,1.0
668,-0.6381472256074354,-2.872619404759259,0.0
669,2.6833842863997592,2.589704731890434,0.0
670,2.7076519887215875,2.5019815922946496,0.0
671,1.8738754756995428,1.7334781616042307,0.0
672,1.5294671704793696,2.438776172504221,0.0
673,1.9958375352764464,3.1459343371454067,0.0
674,-0.9830541754450752,-1.0658331698079455,1.0
675,2.076214371992714,0.7704608520532001,0.0
676,0.431800902322399,-0.14905158402302293,1.0
677,-1.3163595892740196,-2.7408954922121915,0.0
678,1.4171946081000037,1.481571116631664,0.0
679,2.629328309850796,2.341166499626532,0.0
680,-1.5433773649118039,-1.9269949901043029,0.0
681,2.02706780228778,4.056523128201496,0.0
682,-2.8536769451758057,-0.8466051467333608,0.0
683,1.7278681394547353,1.4050229849731877,0.0
684,-1.0006679357305424,0.3528226492438877,1.0
685,-0.4574169220365656,-0.8681642008534851,1.0
686,-0.25865780250645426,0.3436508201143295,1.0
687,0.8531853355754788,0.2738180180884712,1.0
688,-1.7794730623866386,-1.8858130654436362,0.0
689,0.5878157601857519,1.396913341425997,0.0
690,1.2631431004306766,2.907119183117778,0.0
691,-1.7113309241666987,-0.3443869315870507,0.0
692,-0.9506841378905613,0.5066725839627517,1.0
693,1.241763426874276,2.999029644074265,0.0
694,-0.12021208800299243,-1.0284276696293977,1.0
695,0.6890103484146758,-0.5465102265831915,1.0
696,-0.7102552790796279,-2.0541463097994503,0.0
697,-1.1200527706554935,-1.488468836323261,0.0
698,-1.593522698392153,-1.968907766310547,0.0
699,2.6613695387528145,1.5817561565838902,0.0
700,2.1990142073270893,1.9006227300241125,0.0
701,-0.5564177568437797,0.5330033171981056,1.0
702,1.0446736230106415,2.0205138604494355,0.0
703,-2.1854686668630254,-2.1400799969262154,0.0
704,2.2687217984667516,1.5465495437358396,0.0
705,2.928003102927452,2.1286436079565894,0.0
706,-0.9415685924194017,-1.759905674979666,0.0
707,1.6476688615852875,1.6142892206224593,0.0
708,1.8245967944893136,1.8838777333933838,0.0
709,2.706339232638299,2.6239950708240123,0.0
710,2.6745330406680563,3.376928699753235,0.0
711,1.9970950031989714,3.048600938298619,0.0
712,2.0035632886319017,1.3706597771223712,0.0
713,-0.18065687191404822,0.322192748673817,1.0
714,-0.2459127230638917,-0.2720024592831101,1.0
715,-2.8435777497607395,-2.3540345875217237,0.0
716,0.5795616710758207,0.8535628493814208,1.0
717,1.452938909116086,2.6731444093086596,0.0
718,0.1513624683672752,1.3713607089168398,1.0
719,-1.416478526514478,-0.7196790516772775,0.0
720,2.1858221536229956,1.194977033945579,0.0
721,-0.9197526320580767,-1.0271820984565327,1.0
722,-2.153574601528561,-2.2088278277855715,0.0
723,-0.5795723153051218,-0.4345867915386737,1.0
724,1.7623260813491304,3.3525702192829776,0.0
725,0.8302569274221421,1.4239366604334283,0.0
726,2.1445980392270725,1.4166092491840896,0.0
727,-0.6351431385632206,-0.305403503154792,1.0
728,2.3972032198711415,1.7954753536583175,0.0
729,0.01665727897530089,-0.2553253276628688,1.0
730,0.7924766316767488,-0.7752007506282764,1.0
731,-0.16272440393409832,-0.7903048732834765,1.0
732,1.2459919230991268,2.56376863610447,0.0
733,2.5673232736682636,1.8791692740303534,0.0
734,0.3410753513545661,-0.19968705891132574,1.0
735,1.0709173695629235,2.7868562758099706,0.0
736,1.9313077726464796,2.150978149291934,0.0
737,1.1711530095906304,1.6324168637788645,0.0
738,1.261672372612768,1.6958560310979016,0.0
739,1.9510708919956836,1.6681628533589703,0.0
740,1.5653089551202732,1.51824955313662,0.0
741,-1.5112881065072803,-1.964644646491022,0.0
742,-0.0035564434999390835,0.8196360410419988,1.0
743,1.8490061846321624,1.647858412891999,0.0
744,0.8132656215566509,-0.23888887725004504,1.0
745,2.038414518744097,2.4230486608966815,0.0
746,-2.208470391499138,-2.348761086116195,0.0
747,1.7643076378722748,1.798235684548653,0.0
748,1.0388954287552896,1.9772557632895182,0.0
749,-1.546762582601997,-1.4795555531870492,0.0
750,-1.9210556192551587,-2.843336028435134,0.0
751,-0.5034776417053282,0.5940728303275162,1.0
752,1.1149037101811805,2.606416229592683,0.0
753,-2.537821833531308,-3.177639205484451,0.0
754,1.7712260781150229,1.2506306401562752,0.0
755,-1.5680097619141007,-2.6617437277732217,0.0
756,-1.1532967616662329,-1.5285177039012965,0.0
757,-1.7255506362674056,-2.578767208240237,0.0
758,0.00794386060052013,-0.07316695656016636,1.0
759,-1.9725448896191324,-2.1123103100155003,0.0
760,0.41948169223121623,-0.17925576034196156,1.0
761,-0.7598056061777725,-0.03689685857093168,1.0
762,2.4904382578208994,2.3879693683491547,0.0
763,2.2369689133773485,1.6976660673271107,0.0
764,-0.21806266806963082,0.4674307320797949,1.0
765,2.0320594644094756,1.7220584868120787,0.0
766,1.379122829149647,1.5337114942710137,0.0
767,1.7511274025857246,3.053887185818133,0.0
768,1.754926740995535,2.6627326528832294,0.0
769,-1.923852744377828,-1.758806381933179,0.0
770,-2.4229528115044667,-1.5920150934529387,0.0
771,0.1477336567658593,-0.5507905836027693,1.0
772,1.1121226308053909,2.0808123574029427,0.0
773,-1.880419881862121,-2.0303621245769996,0.0
774,-0.056437470217562194,0.2385391293704797,1.0
775,-2.133486206145752,-2.515351944684603,0.0
776,-1.519661117941402,-1.9530438949030031,0.0
777,1.2718858383473117,1.2782670052903984,0.0
778,1.6026851338817116,1.0534357588763916,0.0
779,-2.5026068251447673,-2.354709862258658,0.0
780,-1.9044497189757785,-3.1751293730819232,0.0
781,1.5311092046228845,2.3587159267221613,0.0
782,-2.6327770783910083,-1.5078512976051912,0.0
783,-1.8016803540590505,-2.0871646743228616,0.0
784,-2.1190393380920276,-1.943484619813912,0.0
785,0.5929443442456181,-0.3083417701679493,1.0
786,-0.4645770482920827,-0.16163386707074417,1.0
787,-1.9600896665700993,-1.818516861356131,0.0
788,2.5193151144027572,2.764426722768251,0.0
789,-1.0848863558989508,0.24680054573856516,1.0
790,1.7995622309819774,2.544595174968059,0.0
791,-2.5633889436066712,-1.3897874051520533,0.0
792,2.2334012843920874,1.7963274071211326,0.0
793,0.4017374043054495,0.6026515153569748,1.0
794,2.502528748487796,3.1765284875083464,0.0
795,0.40774071945904944,-0.2542729491296858,1.0
796,-2.8679467340215368,-2.949611385081673,0.0
797,1.950026962580022,2.9617181776262815,0.0
798,-2.6424515729063254,-1.367328963841318,0.0
799,3.5604031222504426,1.8928276407797258,0.0
800,0.09388575416777938,-0.12980638697743566,1.0
801,1.8713029361068458,2.9978233746529437,0.0
802,2.386342444100369,1.1354047408963095,0.0
803,1.1419188755456409,2.7996832012144925,0.0
804,0.5154625156713184,-0.48577594562406756,1.0
805,-2.04480078695069,-1.8447701358621524,0.0
806,1.0011811763666514,2.25822733086983,0.0
807,0.5318949236157695,-0.16327905361092493,1.0
808,-1.6856653856994765,-1.9469467477732032,0.0
809,1.9785366651577039,2.4745169012952513,0.0
810,1.1189798261213446,2.3458872218351314,0.0
811,0.12433043604657201,0.35014195614558236,1.0
812,-2.4799481738843987,-2.132045467892213,0.0
813,0.2683272524728989,-0.36967267399408754,1.0
814,2.145733893669962,1.7594991738392294,0.0
815,0.4899209278642622,0.0014311187491410973,1.0
816,2.6422160101839043,1.5679991412255145,0.0
817,-2.949496686789055,-0.6538388632504157,0.0
818,2.821641291633249,1.9837130416001152,0.0
819,-0.029006774267891767,-0.36486075417101393,1.0
820,0.988563169719469,2.0704849927927818,0.0
821,0.33992718949092743,0.08778266760062654,1.0
822,1.3183010874459695,2.3031803668563025,0.0
823,2.628791968875278,1.9797038200565715,0.0
824,-1.0112292629227362,0.18180663027369443,1.0
825,-0.9372086050975597,0.6036642402585283,1.0
826,-2.7038740430684958,-0.8338272886104245,0.0
827,-0.7214851849226597,0.24965978064949398,1.0
828,0.24845481227615704,-0.30434067713695356,1.0
829,0.8088214682548313,0.5446192787927392,1.0
830,1.59446498359939,1.7520697829889151,0.0
831,0.3077501080966658,-1.5247432846129347,1.0
832,2.0776957015648323,0.7500592988522312,0.0
833,-1.4341723476064894,-3.6438063003137335,0.0
834,0.2997881730671796,-0.7312102979863181,1.0
835,-1.148245602516904,0.3981369459548289,1.0
836,-1.8050782305222883,-1.4017292115249442,0.0
837,-1.9135738573034733,-1.1274358958222148,0.0
838,-1.5861091012791269,-1.218892262261001,0.0
839,-2.4880185555225216,-2.8798545966815086,0.0
840,-0.8188549380494594,-0.013121945273447925,1.0
841,-0.27458435657371555,0.22308664889849608,1.0
842,-2.1869315192764236,-1.9663007946621527,0.0
843,-0.5131442743505185,0.7543317904973964,1.0
844,1.610626443531311,1.9758315090066279,0.0
845,2.441846842217763,1.768397982674413,0.0
846,1.9383423889893239,1.890611446746226,0.0
847,-0.5015136404889727,-0.5652561533238695,1.0
848,0.09049092379955627,-0.15328247171266166,1.0
849,-0.20077296357247323,-0.5277342583868305,1.0
850,-1.863564334927323,-2.6100431891658613,0.0
851,-2.160802022570828,-1.5185261625221629,0.0
852,-2.1871856647497276,-2.504174237287584,0.0
853,1.794058967326938,2.0424644455403906,0.0
854,-0.5016797650477958,-3.347192989022841,0.0
855,1.9168122537695782,2.5544122029576695,0.0
856,-0.19593658660752464,-0.004925929361768427,1.0
857,1.23606009450133,2.919061052921024,0.0
858,-2.415229908670635,-1.0781737674525214,0.0
859,-2.9832843842733068,-2.4399876845501995,0.0
860,1.801289989895702,1.6569685799129361,0.0
861,-1.0348867064307659,-2.3369472497619324,0.0
862,2.301678184071573,1.2675146831486648,0.0
863,3.528867618689114,1.7384455262287468,0.0
864,2.2793535145369583,1.4767049613375065,0.0
865,-1.088744397821852,-2.702696276870048,0.0
866,1.394359651849141,1.377879703325392,0.0
867,-1.8701139549594754,0.38667122004662535,1.0
868,-3.66641548725646,-1.3089596151315206,0.0
869,0.1961007709956042,1.971700479408055,0.0
870,-0.0884121987497062,0.6358837769602647,1.0
871,-2.014595674639361,-2.442818545523413,0.0
872,-0.06399160419613506,-0.2959286322662987,1.0
873,-0.9470083077547649,-2.0797930533857554,0.0
874,1.3453802135739719,1.923886476222432,0.0
875,2.6930158607500987,2.4022350133086983,0.0
876,1.686452875080832,1.8157209679047897,0.0
877,-2.124142205698383,-1.4718926527515306,0.0
878,-1.3826387044430875,-2.043372204536003,0.0
879,-2.0214608431161327,-0.5715527892681498,0.0
880,1.9889425698839798,1.8060268182466999,0.0
881,-1.4859016328583854,-2.390615355980088,0.0
882,0.043606739462273926,-0.12350041513124256,1.0
883,1.1631922150443947,2.223904830951547,0.0
884,-1.3793540681110892,-2.59772758422264,0.0
885,-3.171082460888961,-2.395935037837699,0.0
886,-2.4547225162550994,-2.0300504565708932,0.0
887,1.4158827438958068,3.246937977684965,0.0
888,-1.678042087659906,-1.7571827266314197,0.0
889,-0.31732191213366917,0.10422711179221406,1.0
890,0.6703700794129142,-0.9383427809038597,1.0
891,-1.287182124588619,-1.8098344328450902,0.0
892,1.6593396550878878,1.6453041986465882,0.0
893,1.6678145660412613,2.201752412222246,0.0
894,0.5812466358666872,-0.4382142573347759,1.0
895,-2.716992083161196,-2.3002458003825583,0.0
896,0.5479211545513065,1.3267825999436957,1.0
897,2.424723295215881,1.9868532583126846,0.0
898,1.4401532954635394,1.8567342098928608,0.0
899,-1.9070315445818502,-1.7731024882386959,0.0
900,-2.310511425506242,-2.587297915615262,0.0
901,-2.9014379416290277,-3.0666001728402237,0.0
902,1.4477554207284387,1.9038282677428233,0.0
903,-1.478621907861923,-1.8338768564923231,0.0
904,-1.7386723044226078,-2.3595345664758316,0.0
905,0.3255664700992778,0.429563336062195,1.0
906,-3.0237621143750077,-0.8295347628609262,0.0
907,-0.4663368252930806,-0.18000214616267712,1.0
908,-2.7065773774895785,-2.684117780560977,0.0
909,-0.25144919568469326,0.23826374186986726,1.0
910,-2.3824622153313375,-2.2383630885972785,0.0
911,-0.24913883749299423,-0.4041985027854838,1.0
912,0.5356248917242201,-0.28416243417819487,1.0
913,0.18319245300749884,0.6144989596638419,1.0
914,-2.2801073276316575,-2.8501436678757557,0.0
915,-1.760572192615922,-3.6635556538559904,0.0
916,0.0008826001472464838,-0.46002291272214013,1.0
917,1.9978263096580993,1.7118277343129744,0.0
918,1.3170056250709903,2.0774973045442255,0.0
919,-0.08925969134020754,0.057602522981862005,1.0
920,1.5281189509572646,1.2941161073833503,0.0
921,-2.130169741961989,-1.7327640494631216,0.0
922,-1.435449431254932,-1.7568775518062671,0.0
923,0.30001001751438156,-0.8590786668390225,1.0
924,0.3424731176289442,0.925677802975831,1.0
925,-1.322843561291259,-1.7023994321936227,0.0
926,2.5683345627762364,1.9824233578550483,0.0
927,-1.8083409000010817,-2.0826675285714624,0.0
928,-1.7561507037942763,-2.115906020929904,0.0
929,2.2475590490452997,2.315835248090668,0.0
930,-0.7839129137535604,-0.5840255805340491,1.0
931,-0.31484517297733217,-0.8311665502603189,1.0
932,-0.3324787482506914,0.8996948940832578,1.0
933,-2.0815698204069926,-1.317865182438383,0.0
934,-1.7871453841320692,-1.6298680673640327,0.0
935,1.341141223782465,2.3073600360955893,0.0
936,0.3714929529632933,-1.1245880980446408,1.0
937,-1.2911728392270285,-2.3791422548031003,0.0
938,-2.5443790186299453,-1.9688327625223165,0.0
939,-2.5089923136831396,-2.1954016812921044,0.0
940,-1.5857425853701705,-1.5219967349811971,0.0
941,-2.511037518352154,-0.9063658399232244,0.0
942,-0.45569729425743843,-0.1504540060560897,1.0
943,0.9104666932893057,2.4506597586767223,0.0
944,1.9934513972654542,1.5615159420956808,0.0
945,0.5856225152213554,-0.9341603595055563,1.0
946,-2.687600255904466,-1.9717603432049038,0.0
947,0.9724224063905269,2.3677714209098,0.0
948,1.882065653347404,1.6550072975795194,0.0
949,0.288254697670672,-0.580911638344263,1.0
950,-0.16931752601426106,-0.6949219111104173,1.0
951,-0.24191298410971998,0.5696433142759312,1.0
952,-2.2707818222615157,-1.8405872150202585,0.0
953,-0.3457450897361419,0.3447653503755437,1.0
954,-1.5465558266632744,-2.323479582051794,0.0
955,-0.3580025133229859,0.34023492751210943,1.0
956,-0.008070881614433808,0.489283181544036,1.0
957,-3.531793889500447,-1.6078288427357836,0.0
958,2.5230550975386974,2.2247001723453734,0.0
959,-1.8346395956095662,-1.1389703679265073,0.0
960,1.881327528996362,1.4973342443688766,0.0
961,-2.4669101128736735,-0.9579350258139736,0.0
962,-0.31919628564669705,-0.5737550534593696,1.0
963,-3.343762435197042,-1.7591005669458275,0.0
964,-0.4385241515708315,-0.9850219372858704,1.0
965,-2.6205457050706786,-1.5910432890310238,0.0
966,2.0426052831128176,1.7038808897029782,0.0
967,0.56538858496618,-1.203075255991289,1.0
968,1.5529860699153866,2.6073563060392013,0.0
969,-2.2533888944751626,-1.9371715823400295,0.0
970,1.4468194044143696,3.0644338026223625,0.0
971,2.6762927086829276,1.2051035780241652,0.0
972,0.4663661782607732,-0.17462487796381546,1.0
973,2.0860783568428283,2.532177539695079,0.0
974,1.8271211283639641,2.4270711608582265,0.0
975,1.9845141430454876,1.0625547596779215,0.0
976,-0.22652815143557312,0.5127856372274692,1.0
977,1.291021211052243,1.7989452197889282,0.0
978,-2.209869308066922,-0.7859168301380157,0.0
979,1.5271591792907906,1.1356205940823898,0.0
980,-2.3548416006848667,-1.3253484892937792,0.0
981,-1.3240184467360958,-2.647958905018054,0.0
982,3.728876427898378,1.6436828507703873,0.0
983,2.1198707728516544,2.5648087439062452,0.0
984,-1.966897187131861,-1.8206135263285894,0.0
985,-2.469420180141254,-1.6249288061397618,0.0
986,-1.0526808833501071,-2.4773003300319747,0.0
987,-1.859107084430761,-0.7207079536577339,0.0
988,-0.6444146295854887,-2.0253542909963858,0.0
989,-2.688566566905881,-2.214868445287914,0.0
990,2.9625957916493846,2.1248417177779784,0.0
991,-1.5363830977385708,-2.996958974668738,0.0
992,0.2457310669426148,-0.47975609980229406,1.0
993,0.4907865643528834,-0.16734856506194387,1.0
994,-1.8294112886012333,-1.750759624297324,0.0
995,-2.7352613112981006,-1.4933822141590718,0.0
996,-1.9060960772207747,-1.8606913782798347,0.0
997,1.8332360196390325,2.8182455556964054,0.0
998,1.435906044876556,1.7620857565902093,0.0
999,2.090027945633463,1.1196504004096952,0.0
1000,-2.240778683080106,-2.189993177031264,0.0
1001,-0.4734613081539901,0.0007490734730919631,1.0
1002,1.9982211491370063,0.9337738361740886,0.0
1003,-0.8711433176590484,0.22932167267117615,1.0
1004,-1.4417549023333303,-2.105189841396212,0.0
1005,-2.7133155546704173,-2.3040898125792126,0.0
1006,-2.0094092669615327,-1.9034430990210662,0.0
1007,0.01876052821654169,-0.05526726881517355,1.0
1008,-2.304510560994414,-2.631128061531004,0.0
1009,-0.11267695318488413,0.2921623829639596,1.0
1010,-2.6291317790402555,-2.852010762307385,0.0
1011,-1.5474304471136848,-0.5625056316652375,1.0
1012,-2.5372799367162053,-1.7678585012844428,0.0
1013,3.2741158537881043,2.8381094525788404,0.0
1014,1.6842539955363451,2.10925986728574,0.0
1015,-2.027422376396141,-1.867695406545696,0.0
1016,0.6589821244395074,-0.0827035071576563,1.0
1017,0.2389776517184955,-0.7534649290449009,1.0
1018,2.3160690231544097,2.060636506614483,0.0
1019,2.3341809901043775,0.9582549174199093,0.0
1020,0.19147104005176943,0.1843588683033546,1.0
1021,2.074470972640296,3.1022484127206464,0.0
1022,-3.1617678835079044,-1.8867328419237028,0.0
1023,1.7789381940062534,2.2932714455860825,0.0
1024,-2.5167354110328217,-0.8539610281405798,0.0
1025,-2.6188894761891546,-2.8579947552112692,0.0
1026,-1.1399884982708048,-1.7489611932144844,0.0
1027,0.4210700232702174,0.043971259204587276,1.0
1028,-1.6794792974925372,-1.809268941657091,0.0
1029,0.08508398349207268,1.100061217089407,1.0
1030,-1.5516869994772209,-2.7133669731222416,0.0
1031,-2.6944131555145123,-2.187375350675416,0.0
1032,-1.9936999875675077,-0.9284777036564988,0.0
1033,-2.562728138690871,-1.7401352281091937,0.0
1034,2.24834820206614,1.8804319670512448,0.0
1035,2.526754501594847,2.6622644014962127,0.0
1036,-2.2193306539916224,-1.4371444754566127,0.0
1037,2.037775613158343,1.4770128723375142,0.0
1038,1.7336239945763046,2.25092200919187,0.0
1039,-2.3064830825413236,-2.7083793104734473,0.0
1040,-1.3073589121169455,-0.3777902561641087,1.0
1041,2.643581628355324,1.316859277810714,0.0
1042,1.974438842905378,2.2329732883809457,0.0
1043,-0.35815026706991665,-0.13377550978222766,1.0
1044,0.11382156724799744,1.0215420913450748,1.0
1045,-0.036172520183471425,0.16684862878076637,1.0
1046,2.476328217385028,1.5804708325478154,0.0
1047,0.48584443848866843,0.6479587302855214,1.0
1048,1.4707378314450457,-0.126723590178912,1.0
1049,-1.8899964804454392,-0.9974341803266857,0.0
1050,-2.1569872674265405,-2.1093468702739657,0.0
1051,2.481463346110636,2.17340353543722,0.0
1052,-0.685140851522308,-0.7865822222647274,1.0
1053,0.1364075700860886,0.9685497283681364,1.0
1054,-0.7222411153198677,0.25022610178056215,1.0
1055,0.725910075846183,-0.8436628628346065,1.0
1056,0.04051011430459491,0.4665624827417472,1.0
1057,0.6483264762152923,-0.9646059474259062,1.0
1058,-2.854436545389519,-2.2959919300173164,0.0
1059,1.1926953631880153,-0.035379996053425344,0.0
1060,-1.0831510131782527,0.49823160320423504,1.0
1061,-2.4317626331310755,-2.487795793132446,0.0
1062,-2.6258776988212134,-2.5142469132026988,0.0
1063,-1.0381656369300514,0.35324544408450387,1.0
1064,1.9449133819193283,2.390726004769717,0.0
1065,1.497937374408207,2.967637156851252,0.0
1066,1.231515971510602,2.9969911167108627,0.0
1067,2.687859208320707,2.043191116961613,0.0
1068,1.7945046858497342,1.4003419900630876,0.0
1069,0.9426626614754732,2.4983104214255585,0.0
1070,-1.0111190406754642,-1.9014633467075996,0.0
1071,-3.2098439766798563,-2.323672780024701,0.0
1072,2.5455130971985795,2.04843193426032,0.0
1073,2.6819557146294115,2.4251119644968036,0.0
1074,1.4587568171521492,2.192599679710935,0.0
1075,1.382532219020411,2.583848002489799,0.0
1076,-1.8812196260330196,-1.350838868913641,0.0
1077,1.194084474146936,2.4548228308530544,0.0
1078,-2.431964319285137,-2.536144641388515,0.0
1079,1.646712080279694,1.9003081186352286,0.0
1080,0.20343555356545825,-0.3537792251706179,1.0
1081,2.6778340153981963,2.209402137254105,0.0
1082,-0.11025343814999534,0.4947709317830806,1.0
1083,-0.1097429885141706,0.5377490552136955,1.0
1084,1.4518066157067597,3.0906958479566455,0.0
1085,-1.4303475158445436,-1.9474692551688855,0.0
1086,1.6244341310189254,2.2833967317114423,0.0
1087,-0.18164761014255193,0.5938076651615342,1.0
1088,-0.8941592327443789,0.8976837821709792,1.0
1089,2.016901923913998,3.187023619927797,0.0
1090,-0.16080587003886715,-0.2979649258377102,1.0
1091,1.3917864364872852,1.2334469766220097,0.0
1092,1.7176521721319107,2.1121823649279703,0.0
1093,-1.1688430719666618,-2.181858952054444,0.0
1094,2.193323049785163,1.1751233668948524,0.0
1095,0.5901817174735077,-0.05136897253829825,1.0
1096,-2.5139295849405254,-2.9249524398030724,0.0
1097,-1.871020645624344,-1.9416684607982493,0.0
1098,-2.165402320736334,-2.425836779508133,0.0
1099,-1.1935616796967703,-0.9243347831224161,1.0
1100,-1.7138609786466665,-1.9109302511719533,0.0
1101,-2.0946002096982896,-0.6459659016210744,0.0
1102,2.1463739743447907,2.942182347146739,0.0
1103,0.3065248931354505,0.7884926602883693,1.0
1104,-2.1658597070095023,-2.1557461891004235,0.0
1105,-1.2085178742190545,-2.529451291129951,0.0
1106,-1.9694274337932263,-3.0765375628938325,0.0
1107,0.29923617498715915,-0.4427590681447379,1.0
1108,-2.676095485254046,-2.438406651718895,0.0
1109,-1.8759856929751981,-1.6813744958131642,0.0
1110,-1.0443375473495098,-2.155143579006063,0.0
1111,-2.0351519306803163,-2.1905258563581196,0.0
1112,2.7755876126074814,2.9089293763358035,0.0
1113,-0.9628431179165922,0.8752288498055961,1.0
1114,1.7509989973342257,1.4881228250830154,0.0
1115,1.6394258123705256,2.4238829682214242,0.0
1116,2.2836737936131586,1.6837450338655748,0.0
1117,0.9185594106172947,0.055468641281885146,1.0
1118,-2.070898427077142,-2.40810692239811,0.0
1119,1.5045323820492378,2.053771914703551,0.0
1120,-2.453896117328449,-1.8190915655619402,0.0
1121,-1.092003150456077,-1.6681207614754496,0.0
1122,2.388824260733207,1.7707771273004167,0.0
1123,-2.0369758412573886,-2.064383165774705,0.0
1124,2.589396190280179,2.622466878038546,0.0
1125,-2.5684931569441276,-1.8533339264230204,0.0
1126,1.3673325056653036,1.4806198150483842,0.0
1127,-1.788931933591185,-1.772458679878648,0.0
1128,2.3213063418434623,1.7602586838059597,0.0
1129,-0.00025039584757210006,0.22449305158248153,1.0
1130,1.1105144235544255,2.0241143094621763,0.0
1131,-1.866522101594836,-2.053025313919493,0.0
1132,-1.6328436843613052,-2.8048980353498254,0.0
1133,0.9141858843611075,0.8842858366238437,0.0
1134,0.14472237853137151,0.6766701780766814,1.0
1135,0.1156373978998361,0.41786320403486354,1.0
1136,0.7098717343990242,0.431338299316975,1.0
1137,0.4523194101373804,-0.532912926651308,1.0
1138,1.877830988672367,2.256975356416287,0.0
1139,-2.264553579375555,-2.1682132971107055,0.0
1140,-0.061927650877024544,-0.6308342391960388,1.0
1141,-0.9352048634160002,-2.235891916852468,0.0
1142,1.3240463444768014,1.4277173478364618,0.0
1143,0.0913061853529598,-0.22447579215858351,1.0
1144,1.7182721848874534,1.9702336047920013,0.0
1145,-1.7285065444162122,-1.9412623127524238,0.0
1146,0.906983609930591,1.0238809483565934,1.0
1147,-2.305791309050992,-2.262844580966712,0.0
1148,2.0515058632054712,1.7036439757484476,0.0
1149,-1.2053847500024966,-2.1033204756181294,0.0
1150,-0.9548687252748188,0.0019333298658934194,1.0
1151,-0.5536939889980967,-0.870803098914615,1.0
1152,-1.7861801616953588,-1.5760560990848311,0.0
1153,-0.12297633103817755,-0.10440410250482021,1.0
1154,2.1801705941724805,3.2663651201528117,0.0
1155,1.505832034124963,1.5231763294416698,0.0
1156,0.754646530497623,-1.2519809876523256,1.0
1157,-0.16351964909265568,0.44251290804832905,1.0
1158,2.181536601373052,2.6554033256184786,0.0
1159,0.9750075248793901,2.977989346404694,0.0
1160,-3.5955033427980445,-1.6362082853843716,0.0
1161,2.1334853459772316,2.3266129269712357,0.0
1162,1.7879798667707933,2.445770585965,0.0
1163,1.8925505568837182,1.0691353170582136,0.0
1164,-0.44620330482052384,-0.0954073509326156,1.0
1165,2.0934763584389535,2.912002110500446,0.0
1166,0.04115953648839631,-0.16336566068704836,1.0
1167,-0.4852305191877202,-0.662474391479557,1.0
1168,2.4664603602762707,2.0090880713773043,0.0
1169,1.81471825439285,2.119203782089799,0.0
1170,0.6051583721160622,0.3165584296645895,1.0
1171,2.355036185090941,1.7142653382111983,0.0
1172,-1.3511743793250863,-2.3788255930696334,0.0
1173,-2.527496377301045,-2.1386609645557977,0.0
1174,-2.1804703258856164,-2.396365156386195,0.0
1175,-1.718968859433769,-0.958472601388572,0.0
1176,0.09280130018779931,0.624941033291149,1.0
1177,-2.7307631069558904,-2.1829781827126524,0.0
1178,-1.8150012524243928,-2.8268500802384464,0.0
1179,1.8317313311195276,1.2918286361892857,0.0
1180,-1.2049915682679109,-1.8768004617332241,0.0
1181,-0.2572212393514973,-0.38270433388415054,1.0
1182,-0.6025936273287681,-0.5989150369391184,1.0
1183,-2.4743138130998465,-2.544380072915196,0.0
1184,-1.5078069216431471,-1.1840308749923094,0.0
1185,0.23059404312674717,0.6058271128870286,1.0
1186,-1.9777965668539104,-1.539258555360378,0.0
1187,-0.5543472094860012,0.8472910189791785,1.0
1188,-2.45327763581938,-2.7207209114104334,0.0
1189,2.818963399760496,1.4774366656252291,0.0
1190,-1.6001701507808515,-2.276431872433132,0.0
1191,2.118996235613205,2.7139868298774963,0.0
1192,-0.6701697322480341,-0.021178043761749334,1.0
1193,1.7560166180579395,1.9524453647019573,0.0
1194,1.6295945920687458,2.3128965447866325,0.0
1195,0.6565001948663662,-0.6565445718210549,1.0
1196,1.5723443076109436,-0.4484839068392276,1.0
1197,-0.03621749663540319,-0.4266243580746667,1.0
1198,-1.419939193300124,-1.6951592543651133,0.0
1199,1.7709589476556604,1.908323321958748,0.0
1200,2.649603369254639,1.910246298999803,0.0
1201,-1.6664223921741212,-1.464515667601082,0.0
1202,2.6320638491782686,1.6619554021290983,0.0
1203,1.9310229402335033,2.297510401379258,0.0
1204,-1.784297360257394,-2.0867400901602418,0.0
1205,0.2517144650556849,0.5546604131751056,1.0
1206,2.14173529374097,1.5484506293979206,0.0
1207,-0.030049584878721246,-0.5061693639215559,1.0
1208,-0.2804959041947121,-0.5174959798348403,1.0
1209,-1.8562503440861653,-2.221880699782282,0.0
1210,-2.2409345266996064,-2.281085626807834,0.0
1211,-2.5596445464766266,-2.757841009461365,0.0
1212,-2.699089904470014,-1.4595041078274877,0.0
1213,-0.33047965542410407,0.4752248990537845,1.0
1214,0.9330684192354406,0.36799573579722067,1.0
1215,-0.9603672878485201,-1.5892993358844858,0.0
1216,0.8377871555304564,1.9103095927107978,0.0
1217,1.2626628818390664,2.533036465743442,0.0
1218,2.1227725360517904,1.5883389073031866,0.0
1219,1.7787418782766697,1.6218645514216372,0.0
1220,2.0469446935042277,2.226269778421157,0.0
1221,-2.550802861891427,-1.8485020237538765,0.0
1222,-1.6813216790350278,-0.7130546529498115,1.0
1223,-2.3768525357849475,-2.2886162710764726,0.0
1224,1.1670599007980824,0.45487842393844047,0.0
1225,2.67019433564921,1.8358665332553021,0.0
1226,-2.216959568468972,-1.361248918323289,0.0
1227,-0.2575255779878864,0.8251352522681383,1.0
1228,-0.09795296929990724,-0.05187316962662828,1.0
1229,-2.0409449631947787,-0.9719943670103801,0.0
1230,1.6905460728287882,2.758358121417917,0.0
1231,2.3333273618423256,2.263713393700279,0.0
1232,-2.2044154063267585,-2.7579037472510928,0.0
1233,1.9218661001199642,1.8863492427129256,0.0
1234,2.2425886059973945,2.302606145097797,0.0
1235,-2.235433398889782,-3.827685832879956,0.0
1236,-0.3812582631715603,0.5116978609646208,1.0
1237,1.7389795823241847,2.3946092578320712,0.0
1238,0.5103184101140629,-0.5034745143595641,1.0
1239,0.06034872523737791,0.32349676446851794,1.0
1240,1.7730931718642062,2.511733458361326,0.0
1241,-1.7464517766362704,-1.671511656737201,0.0
1242,0.26570766824804337,0.1310382438779622,1.0
1243,2.2502323333952745,1.635279230966319,0.0
1244,-1.2033303824252102,-2.0607688917304396,0.0
1245,2.5242386273964055,0.5906975480509331,0.0
1246,-1.6159210843414447,-2.970173626586501,0.0
1247,-2.866964119444023,-2.726325796474011,0.0
1248,1.2076847919031808,2.2994505654030597,0.0
1249,2.7245315504956618,2.3224281160154194,0.0
1250,0.46126238663968494,-0.2527965523948083,1.0
1251,-2.867920819738033,-1.5198212303959835,0.0
1252,-0.3623037316776906,-0.6897324379542709,1.0
1253,-0.4993116204900372,0.10340348353751326,1.0
1254,-0.2974772967271256,0.7299466282457642,1.0
1255,-1.4625386155196136,0.668954735694168,1.0
1256,0.11592813194021787,0.7784052534557343,1.0
1257,-2.2610921310329823,-0.8904417629123949,0.0
1258,1.9658125670133562,1.7622887331501098,0.0
1259,0.9055522687517801,1.6527748922018786,0.0
1260,1.539822178986003,2.705636165872278,0.0
1261,-2.924478208666775,-1.962042803479801,0.0
1262,-0.4436371815061172,-0.22557597958275546,1.0
1263,-0.5742948589652461,0.6083832924672968,1.0
1264,-1.4345191284677639,-2.1605568477412085,0.0
1265,2.434849490197556,2.848765845613382,0.0
1266,-0.4780651837837805,0.9288400808272431,1.0
1267,-1.8265276968327127,-1.7522775077322952,0.0
1268,1.4350725948105711,2.15282932201627,0.0
1269,-2.3274271844106695,-3.130751506987669,0.0
1270,1.709473746956658,1.8032491662137495,0.0
1271,-1.0108373753243647,-0.29965005661322297,1.0
1272,0.010509367966931001,0.1941754587654712,1.0
1273,1.8785712717685565,1.1544891310663021,0.0
1274,-0.04848696776624458,-0.422315421594268,1.0
1275,-1.4408909755314179,-1.7960210097192428,0.0
1276,0.21342210943439066,-0.2863717622419376,1.0
1277,-1.5052656682614582,-1.6812929800785827,0.0
1278,1.313171207293702,-0.1318637914280174,1.0
1279,2.684988767285661,2.7644930165091104,0.0
1280,1.1586016802688301,1.8157589078951382,0.0
1281,0.6158253407325234,2.4389555030132835,0.0
1282,2.0640322957711748,1.4528712208735932,0.0
1283,-2.2976614003895373,-2.0448829896082046,0.0
1284,-2.416740715838819,-2.0897807241966024,0.0
1285,0.26821449413140697,0.06343199728029296,1.0
1286,1.2138816166206752,2.6474783894325413,0.0
1287,-0.551790414037597,1.585761432608845,1.0
1288,2.163266385957373,1.7217773317196163,0.0
1289,-2.0140538630128715,-1.3524831631325065,0.0
1290,2.001411958694493,1.0984097818941265,0.0
1291,0.12914428058376687,-0.6038193130071302,1.0
1292,0.49130362355960866,0.08429754446368554,1.0
1293,0.08343849018280954,-0.5146021227452398,1.0
1294,0.11939369664311264,1.1932391511572347,1.0
1295,-1.0782987692373711,-0.48135190303848646,1.0
1296,-0.5701131350816349,-1.4333123078057517,0.0
1297,2.6485680019129325,2.5336255448931526,0.0
1298,-0.665686532181687,-0.32851086040765903,1.0
1299,-2.41040653864233,-1.004269522286077,0.0
1300,-2.232122508110388,-2.3061756437801773,0.0
1301,-1.5610046437817644,-2.03929302508669,0.0
1302,1.5853881120947788,0.6766967869881069,0.0
1303,2.4956754250587156,1.9653460649727723,0.0
1304,-1.9413650193710867,-1.6502277921480237,0.0
1305,-2.263513713081289,-1.8911969424693071,0.0
1306,-1.8547292234089263,-2.5332321544121785,0.0
1307,-1.3074895817035885,-1.8964973501042806,0.0
1308,0.3135991671024818,1.909607817187464,0.0
1309,0.12305197513911229,0.6969202821354703,1.0
1310,1.6751842469412677,2.0549131680673263,0.0
1311,-1.5775333867150507,-2.8974077097542095,0.0
1312,0.02334522351372902,0.37593855044721636,1.0
1313,2.2439943481745837,2.29008303565144,0.0
1314,0.07914705347244733,-1.1883393546413639,1.0
1315,-1.386925648646796,-2.3315244040500374,0.0
1316,-2.4820457985043047,-2.41372986665012,0.0
1317,2.4462800922595895,2.35528945446904,0.0
1318,2.083895958660591,3.0433143248064543,0.0
1319,2.4687003597093473,1.4745909036676699,0.0
1320,-1.339829397067776,-1.2211868166042672,0.0
1321,-0.0968241217666675,1.0766692831350442,1.0
1322,2.503694403390563,1.8956420418169064,0.0
1323,1.8018572640412733,1.499115701879295,0.0
1324,2.723674773057302,2.871726659310234,0.0
1325,0.7700730217599152,0.35876789483530835,1.0
1326,1.7403036388337538,2.224981234821876,0.0
1327,-2.0802209358010635,-1.3533537164142424,0.0
1328,-1.5360482135584403,-2.7103283841159906,0.0
1329,0.527633965148022,0.3812547159323973,1.0
1330,0.8589406544695745,0.8773285024682517,1.0
1331,2.0170450667837536,1.7611631114206014,0.0
1332,1.1535060119717981,2.0989476375528193,0.0
1333,1.8380713198580214,2.760278564372043,0.0
1334,0.32991412037783446,0.0005399560026642928,1.0
1335,1.5576888982574515,1.5930020972756183,0.0
1336,-2.443737797834788,-1.0741912427559586,0.0
1337,-0.11306944927804094,-0.7055009927629373,1.0
1338,2.1875803778083918,1.8839216703257913,0.0
1339,-1.340204242467732,-1.6068417615664412,0.0
1340,2.7044371122849795,2.3186788239975185,0.0
1341,0.3355793888345306,-0.6382173546153287,1.0
1342,-1.6860340036809478,-2.102927798733349,0.0
1343,2.082842986667364,2.7227602799895068,0.0
1344,-1.4745003430476014,-2.069064481092336,0.0
1345,-1.5476051198129124,-1.360810704741203,0.0
1346,-0.036082731302211124,-0.5197012794044833,1.0
1347,0.40296994322154583,-0.584500461025794,1.0
1348,0.3426658932778936,-0.3262164178096661,1.0
1349,-2.7359729956379693,-1.419532309969859,0.0
1350,1.7119798059090228,3.097265257632935,0.0
1351,1.4862183038028491,2.755925198910209,0.0
1352,0.17704546998111745,-0.6592610740003797,1.0
1353,1.5993660854503016,1.993066687865419,0.0
1354,2.9267206195587754,1.7517425037684209,0.0
1355,-1.537596167321994,-2.0782638402699964,0.0
1356,-2.479653439725858,-1.855527494154837,0.0
1357,-0.02356079462277191,-0.569359686509858,1.0
1358,-2.7895444463069126,-2.2769507628888253,0.0
1359,-1.5413015281798799,-2.1610236411256287,0.0
1360,1.8898455419176674,2.195119228812239,0.0
1361,-2.5735670002956663,-2.207589065419632,0.0
1362,-0.5016668277004613,0.3853265659976555,1.0
1363,2.3132499520116943,1.6957640263142066,0.0
1364,-2.799326992756701,-3.1811748138716123,0.0
1365,-1.6318076185935686,-0.6579610482556315,1.0
1366,-0.42677145336626293,0.6767739749600283,1.0
1367,0.17087435948061788,-0.18562655573001682,1.0
1368,1.0781511135449569,-0.12260336214182835,1.0
1369,2.5084450132889202,1.8807680922147392,0.0
1370,2.8108541388489217,1.5571054412288081,0.0
1371,2.0714426485233974,1.272048601908549,0.0
1372,-2.779212033297854,-1.2343547923962874,0.0
1373,0.25846268096738484,-0.0899349550398836,1.0
1374,-2.0089146220128216,-1.5071564377851132,0.0
1375,1.2526051202806419,1.2972857987395159,0.0
1376,-0.8794652059100196,-2.5863667279258467,0.0
1377,-1.3729859746983857,-1.6405762841742897,0.0
1378,2.6036610236151496,2.0148755955506252,0.0
1379,1.0880153242484791,1.870080276890103,0.0
1380,-2.4374267952768176,-1.8820655595627291,0.0
1381,-2.0510693615116433,-2.3385806199812964,0.0
1382,1.8862725990460547,2.2568168642128206,0.0
1383,-1.1774065962253273,-2.3059059452830875,0.0
1384,-0.5827023988946344,0.8557901164722164,1.0
1385,-1.686042956787154,-2.322550021134837,0.0
1386,-2.8087552535774725,-2.4569440329539356,0.0
1387,0.06939904442780793,-0.32841334457919985,1.0
1388,-0.18357154505903514,-0.26308467482076364,1.0
1389,1.981920016113424,1.9611629692307642,0.0
1390,0.06289668169632874,-0.5959543304625314,1.0
1391,-0.26926020786329946,-1.046512653932373,1.0
1392,-2.582662742266691,-1.8111096772905058,0.0
1393,-1.4299469494846464,-2.0908143249786186,0.0
1394,0.4127288347048527,0.029914359959893586,1.0
1395,2.3461607582319344,2.491012238496297,0.0
1396,1.5299004416081143,2.064511418999258,0.0
1397,1.273486617233846,1.7637597729833665,0.0
1398,0.35718018461537565,0.6984910597349797,1.0
1399,2.0012450131516197,2.6160803473105805,0.0
1400,-1.5070485727701226,-1.9968244122203835,0.0
1401,0.9716507662698264,2.243048163910691,0.0
1402,-1.308601061130128,-1.3522288447779074,0.0
1403,-0.7020584304315862,-1.198083230338165,0.0
1404,-0.4597965593781499,0.7689068042184799,1.0
1405,-0.2851050634975491,0.7637722493519464,1.0
1406,0.018327948624370132,-0.022130118507040168,1.0
1407,-0.6574027373835074,-0.6557379637956181,1.0
1408,-1.8281937866646323,-1.6346936993147296,0.0
1409,2.439491178204433,3.1442335054506643,0.0
1410,2.0388714435763484,2.56691600119584,0.0
1411,2.336869945730676,1.2442422987201671,0.0
1412,-0.21666788084391966,0.36537740499271454,1.0
1413,0.3828144200972729,0.20401475895579158,1.0
1414,1.839351321481285,2.1279057582598346,0.0
1415,-1.6248611293836874,-2.9612345933640487,0.0
1416,0.01574797071695243,-0.06860109592342607,1.0
1417,-0.634484188680918,-0.3335910191273804,1.0
1418,2.8376373174208034,2.7055113778608515,0.0
1419,-1.8483178967485072,-2.244808825423938,0.0
1420,2.955964169570016,2.341233439472283,0.0
1421,2.0603385218582977,1.4270343454296568,0.0
1422,-2.17340312657254,-3.1991836853500235,0.0
1423,0.20545641077209656,-0.13405566731681762,1.0
1424,0.43630492201226184,-0.023343183998284056,1.0
1425,1.2063601282869225,1.7310303205047226,0.0
1426,-2.6271520196881726,-1.2733128261903794,0.0
1427,0.2797740261301137,1.0288989652056257,1.0
1428,3.3089591773632647,2.263730123618785,0.0
1429,1.9056168270316607,2.165743911211984,0.0
1430,-1.8016539462353756,-1.4304521158650587,0.0
1431,-1.239553007108806,-1.7003010599188042,0.0
1432,1.7357826720716905,2.4080874596130997,0.0
1433,1.5291291625636232,1.8979266171493003,0.0
1434,1.0197223894083218,2.537700316249561,0.0
1435,2.7475677540986085,1.138015601189251,0.0
1436,-1.562545662693478,-1.9226102535455536,0.0
1437,0.053445721497938005,-0.07749208947606832,1.0
1438,-0.9787317045921198,-0.1808833889170159,1.0
1439,-0.5094437236161962,0.9777000259393971,1.0
1440,-1.0210415434806372,-1.7733444981615694,0.0
1441,-2.0372318754790006,-1.244499722233512,0.0
1442,1.4450641561397197,2.1977134653017214,0.0
1443,2.8357024596541143,1.173788857525318,0.0
1444,1.6496954936061947,1.3857791285594874,0.0
1445,1.558822569030216,1.6196068044099672,0.0
1446,-0.3959656230614026,0.1278103004579324,1.0
1447,2.435453206514728,3.5976360282308466,0.0
1448,1.9885650717348253,2.1233940044117103,0.0
1449,-2.5580939015145927,-2.1071534552523974,0.0
1450,2.0025049994495,1.109905067979199,0.0
1451,1.9577962279053542,2.478676965357706,0.0
1452,-1.788310036103373,-2.091664654127245,0.0
1453,-1.9030644396570993,-1.0619571529826424,0.0
1454,0.27438578803248675,0.577405046888607,1.0
1455,-0.05889672672355832,-0.5319685560336674,1.0
1456,1.163095884299214,2.4773297310616442,0.0
1457,2.634774536889131,2.3631328149991147,0.0
1458,-2.034481711079237,-2.2347302313044097,0.0
1459,1.9790287865673595,0.7721641182511338,0.0
1460,-2.3591923621537916,-2.669538191576237,0.0
1461,-2.019991569707092,-2.9184820984396955,0.0
1462,0.19582505383619442,0.8898771767842885,1.0
1463,-0.5374894562464962,0.32899687829878793,1.0
1464,2.40782566461218,1.7685010999330992,0.0
1465,-2.174985191811107,-3.044613685015341,0.0
1466,0.968810074032743,1.365825939232871,0.0
1467,1.145605575334265,0.9983238746626377,1.0
1468,-0.9638638136698996,-0.8238321216251571,1.0
1469,-0.5146215738281364,0.08127279791398832,1.0
1470,-0.6036221147522349,-0.49292989536187953,1.0
1471,3.983944609466337,1.0938802136131154,0.0
1472,-2.4522226797083606,-1.9173861044579916,0.0
1473,1.8027633843580353,2.398379045315733,0.0
1474,2.6133262127514945,1.749542326194807,0.0
1475,-0.13567348185837372,1.155483442475716,1.0
1476,-1.0803324713849256,-1.118384738059829,0.0
1477,-1.3765421357729646,-1.7125428655410628,0.0
1478,-0.02195837574974814,-0.05053397791643642,1.0
1479,1.5915157371195374,2.650848545982623,0.0
1480,2.533708131803457,2.9245597852454943,0.0
1481,1.3210764547879108,1.8222610073610757,0.0
1482,1.1204514028952288,1.9582468670367217,0.0
1483,2.147153512066052,2.5265030377018602,0.0
1484,-1.652887101362673,-1.7902073258040956,0.0
1485,-2.4353584270781505,-2.830018373237033,0.0
1486,-0.35889027150989145,-0.9120235711152381,1.0
1487,-3.00873092929666,-2.53338281485727,0.0
1488,-1.8719119706538987,-2.7251441922399327,0.0
1489,1.3886686403864545,2.418445821927062,0.0
1490,-1.6540455100310354,-2.124979253346797,0.0
1491,-1.4818882049712112,-2.4828522443827215,0.0
1492,0.0270995135632986,1.1156078003109768,1.0
1493,-2.21239634675209,-2.824970776050811,0.0
1494,-1.9926608098167096,-1.0584442312784574,0.0
1495,-0.1800039954070542,0.5253054918848299,1.0
1496,-2.800555082841652,-2.808030503478533,0.0
1497,1.0313234163800615,1.8748404066653266,0.0
1498,-2.272448217509363,-1.9484288159393692,0.0
1499,-0.7277206897254148,0.1702617326300073,1.0
1500,2.539838487542932,1.0528818884353317,0.0
1501,-2.4732015527056195,-1.3432169751727452,0.0
1502,1.034217765400357,0.4278097378265626,1.0
1503,1.6975207519017572,2.767117513390799,0.0
1504,1.81381349025247,2.062853026557338,0.0
1505,1.0319461931007181,2.2787854393196385,0.0
1506,0.8909553592199725,-1.2743340108273353,1.0
1507,-0.7159547000844234,0.210159551737218,1.0
1508,2.5184727988265645,1.0961221004169692,0.0
1509,-0.0959638726542257,-0.49917449593027485,1.0
1510,-1.6986030559551322,-2.517360199851942,0.0
1511,0.3010798522845834,-0.03365968400454174,1.0
1512,-2.6838814732560645,-1.5290254872557,0.0
1513,3.010020368743876,2.744435743301193,0.0
1514,1.3136115802407557,1.5682556864492296,0.0
1515,2.2549416034099234,0.8711097208811951,0.0
1516,2.203312497309642,2.4668021260207573,0.0
1517,1.0567596764519178,0.4524573981937456,1.0
1518,2.579783467382481,2.1261388634612564,0.0
1519,2.648633566452244,2.943398190521135,0.0
1520,-0.16738896318181817,0.3179002700849746,1.0
1521,0.5559349805802578,0.33484912837119946,1.0
1522,-1.987362787194762,-1.940327325781573,0.0
1523,-2.239669417557725,-1.7779664672914888,0.0
1524,-2.985779176118365,-2.243643077755899,0.0
1525,2.2966672658370735,2.456834700497664,0.0
1526,-2.5326714485780677,-3.1884778809343564,0.0
1527,-1.6369279495507,-1.4626664086692056,0.0
1528,0.3040014156170331,-0.3733352830530335,1.0
1529,2.5176244604417755,1.6114771845885087,0.0
1530,2.097417822429221,1.9938252101997689,0.0
1531,0.898629016391738,0.3391603215218706,1.0
1532,2.031367370680581,1.7841532541143041,0.0
1533,-1.4239713553100433,-2.2498994494620153,0.0
1534,0.6525277892801367,0.44358271987981573,1.0
1535,2.3848028869833375,2.500310733051843,0.0
1536,-2.298819470415383,-0.8422807677098085,0.0
1537,-2.2188161266350113,-1.9059776868365816,0.0
1538,-1.0291674385998646,-2.4946454727967007,0.0
1539,2.169607069498862,1.3444755113653173,0.0
1540,-2.2813185127800772,-3.320864771300335,0.0
1541,0.5286786582597793,0.6197935167119674,1.0
1542,1.678237913547929,2.7259023333104584,0.0
1543,-1.6460721075592883,-2.2183152859824737,0.0
1544,-2.4177959923166497,-2.17423826048232,0.0
1545,-0.02642693842556476,1.1757372031234608,1.0
1546,2.966275386978946,2.33852638423689,0.0
1547,-2.1448026748718627,-2.526914205686044,0.0
1548,-0.5213175281195713,0.39383445051558147,1.0
1549,-3.0454137186855386,-2.7819456524673893,0.0
1550,-2.968338708534771,-2.127644168128381,0.0
1551,-2.391445149432212,-2.2345720251125605,0.0
1552,1.729830899112122,1.1484595515111975,0.0
1553,1.9699355247258243,2.258980311686734,0.0
1554,0.39958028764172265,-1.5207326772505378,1.0
1555,-0.624359538051087,-0.18936187403151492,1.0
1556,-2.867852638389997,-2.271410165341455,0.0
1557,0.5214038056912567,0.11050875882212777,1.0
1558,-0.9001970255871423,-0.4911024843562054,1.0
1559,0.5620771297523933,0.4621985275963272,1.0
1560,1.3731102083720859,2.473942965071296,0.0
1561,-0.03819689327372965,-0.9479583178026741,1.0
1562,1.6083425044614004,-0.12048510839739934,1.0
1563,1.1767361936190093,-0.04334325520300077,1.0
1564,1.1377093371798863,-0.47987168303146244,1.0
1565,-2.4753719970836867,-2.318963544806873,0.0
1566,-3.2071281915468255,-1.6461778366551656,0.0
1567,-2.566621094494576,-1.8571381113006127,0.0
1568,0.3624820442656105,-0.9777501616490629,1.0
1569,2.390050708623389,3.092563564453805,0.0
1570,-2.2547979814597197,-2.4979787585227773,0.0
1571,0.44613210930500213,0.12621561997788774,1.0
1572,2.1784433961901226,2.2178507991431253,0.0
1573,1.7305777151318207,2.294582633109188,0.0
1574,-2.0626060948968155,-2.5928011654962404,0.0
1575,-1.885129476785653,-1.4716932804937337,0.0
1576,-0.2938969313083601,0.3952812850149078,1.0
1577,3.1151337131546617,1.3943954075717337,0.0
1578,2.1837634929831102,2.599489910118419,0.0
1579,-2.9497630384010494,-1.633772372535677,0.0
1580,2.43726891275696,2.5313006657716866,0.0
1581,-2.2309278855087653,-1.9433890464097556,0.0
1582,0.4530298081535327,-0.8379211425438943,1.0
1583,1.8684535088858762,1.7321211252002224,0.0
1584,1.7639305272886021,2.0016305239344083,0.0
1585,-1.7336820603527445,-1.79979540357544,0.0
1586,-0.026759635635344056,0.1560797429632606,1.0
1587,-1.9370557009486924,-1.9196522464307144,0.0
1588,2.105040475302466,0.7289296192158223,0.0
1589,0.5317759167728808,-0.03315539743779149,1.0
1590,-0.11285384282979012,-0.6214486357171277,1.0
1591,1.7574577450583166,0.133714993862092,1.0
1592,2.5349091919935467,2.4707332005925977,0.0
1593,-1.6740128651674882,-1.7365742253967744,0.0
1594,0.8761282025803963,2.9425788252054748,0.0
1595,-0.7979351168004377,-0.2132968647650712,1.0
1596,-2.35353739190609,-2.2690790037224353,0.0
1597,-1.687361074128345,-2.34547278188784,0.0
1598,0.24399425248012868,0.7210187134005038,1.0
1599,0.18219388411576695,0.6203741920876701,1.0
1600,2.29321435472494,1.935222834119811,0.0
1601,-0.2989269711516658,-0.2588486046628111,1.0
1602,1.6496727110964342,1.2014592310785859,0.0
1603,1.2724905533066546,1.9516408903099247,0.0
1604,0.23421896610517343,0.9531184146585194,1.0
1605,0.8055732063062119,-0.44396151177915577,1.0
1606,2.9462529274820577,1.5123187394966657,0.0
1607,-2.273319502110406,-1.989512504584966,0.0
1608,0.5605078490998349,-0.8349031616425318,1.0
1609,2.615898442749553,0.9366613280117466,0.0
1610,-0.5808492705987468,0.28624085541411914,1.0
1611,1.9603308644280777,1.746500769904739,0.0
1612,1.0114753815955821,-0.9888277238197078,1.0
1613,2.7454963476910828,1.2714696311843965,0.0
1614,2.5443229209099485,1.4927351947594594,0.0
1615,-0.3675754433249614,-0.493696994576569,1.0
1616,-1.8654486674205908,-3.007213017697194,0.0
1617,-2.6273147342416796,-2.650913635676867,0.0
1618,2.061401508100532,1.8655445797622427,0.0
1619,2.0896830551350436,2.473177599839443,0.0
1620,0.3898977808079872,0.2608732832766238,1.0
1621,-0.822343150776413,0.18633882625228707,1.0
1622,-0.06635430168492437,-0.2594591871470668,1.0
1623,0.6120788397817598,1.8103150545501703,0.0
1624,1.2031972236211343,2.1388800558759264,0.0
1625,-0.9718107392236203,0.3435762103230514,1.0
1626,1.335411859459382,2.1409863157334312,0.0
1627,-1.597657729813454,-2.424503418506346,0.0
1628,-2.40063217181564,-1.8038224427573255,0.0
1629,-0.017117321900649837,-0.194838159049776,1.0
1630,1.0203831403094645,2.4402340927130033,0.0
1631,-0.5247975131933071,-0.4106409336842557,1.0
1632,-1.9404770824810986,-1.0542206164233694,0.0
1633,1.8739996765338744,2.631292086103202,0.0
1634,-0.8190977263351013,1.1682591856922147,1.0
1635,0.17235438748007564,-0.0017256615954005944,1.0
1636,1.6753719308481976,1.9451373612502936,0.0
1637,2.2354245965954753,1.607308096889024,0.0
1638,0.2736918214962332,-0.21454741918115874,1.0
1639,0.15884325465342436,-0.99710902033095,1.0
1640,-1.6357329968503724,-2.6289022440952836,0.0
1641,1.559709964384293,1.6805374046006303,0.0
1642,0.5069973618005023,-0.4053562965780378,1.0
1643,-1.3882638679033201,-0.5055430210278048,1.0
1644,0.3900251838304618,-0.21850188534945356,1.0
1645,2.9451841266393224,2.5094691268822666,0.0
1646,0.09951811359212238,0.797484769647332,1.0
1647,2.84785132211916,2.9041882151351177,0.0
1648,-0.15373961879726333,0.5145971460734712,1.0
1649,0.03833771499010696,-0.9643920955404348,1.0
1650,0.6240517470322219,0.09878628571583857,1.0
1651,-1.6383754061424023,-2.3567898618322434,0.0
1652,1.3664243845586261,2.3485595533123007,0.0
1653,-2.3883088591086565,-1.7166517099472909,0.0
1654,-0.6801556953830753,0.5980557856918893,1.0
1655,-2.1949609749922994,-2.426783815845673,0.0
1656,-0.37501643441080273,-0.23423561639130483,1.0
1657,0.17160751618687078,0.5871403784676258,1.0
1658,-0.7778162329652579,-0.05581448666653397,1.0
1659,0.29796911909031093,0.6072799138933858,1.0
1660,-2.1335634085689925,-2.5478475308250776,0.0
1661,-0.5944025583762895,-0.6016011524218745,1.0
1662,-1.8372978892176135,-2.480898131236625,0.0
1663,2.1225911543696694,0.847576640642042,0.0
1664,-0.8238255305705371,-0.6406452066114638,1.0
1665,-2.2781575847876567,-1.7111111157359227,0.0
1666,-1.8842816266697684,-2.6942103684895207,0.0
1667,3.1806378092858276,2.268609929445594,0.0
1668,1.206312979530189,2.0139269625951637,0.0
1669,0.18841541509236187,0.22372560531146252,1.0
1670,-2.0688651948624788,-1.8147492548980322,0.0
1671,0.9759897373809492,-0.12686297450733397,1.0
1672,-1.8097036242243867,-1.6879756312574794,0.0
1673,2.190397372221402,2.3676084712346586,0.0
1674,2.684275804364355,1.2881707995909788,0.0
1675,-0.31357164983908675,0.6257865567878256,1.0
1676,-2.101854976341491,-2.080479669661052,0.0
1677,2.6695859168160454,1.447677102145136,0.0
1678,-2.76229099909144,-1.4183619751051935,0.0
1679,-2.4881575982567044,-2.3129849059823715,0.0
1680,1.5746901079144364,2.87091681018474,0.0
1681,-1.7203001443795816,-2.2221454644226055,0.0
1682,-0.31120721237315546,-0.17003866467375145,1.0
1683,-0.1249710618569978,0.944622742485343,1.0
1684,-0.39111389995835427,-1.06484688911319,1.0
1685,0.9715660443675285,2.095540520736968,0.0
1686,2.585083046347177,1.2023980583994396,0.0
1687,-2.449814206821738,-1.980314751431773,0.0
1688,-1.762395972403013,-2.6558369052383033,0.0
1689,-0.22209849870822151,-0.5755532355843529,1.0
1690,-2.545257947575432,-2.254590572586741,0.0
1691,1.448888554117937,3.095531451384616,0.0
1692,-0.07418977553521842,0.30298198887770417,1.0
1693,0.133743491774564,-1.2944138240966767,1.0
1694,0.24053140746247267,-0.005794341919745007,1.0
1695,0.9845565577661253,1.4322676277863047,0.0
1696,0.9918898995391925,-0.4195907645832545,1.0
1697,1.8954247195601588,1.3065245126220784,0.0
1698,0.6007986104080377,0.358327502642055,1.0
1699,0.0592004722894774,0.11830863311842044,1.0
1700,1.9385377794720298,1.6281171351035968,0.0
1701,-0.1435779546854065,-0.14807613467325106,1.0
1702,-1.7277308524185897,-3.097844246602719,0.0
1703,-2.6040990513793902,-0.9910539702396035,0.0
1704,-2.4127025666172095,-2.7284464418564722,0.0
1705,0.934206024919296,0.5304163184557957,1.0
1706,-1.2117240512320329,-0.5905254013637089,1.0
1707,1.028430881862439,-0.46076915504208904,1.0
1708,0.17850861237296753,0.02641336570520878,1.0
1709,-2.3398639122393314,-2.184614766420201,0.0
1710,-0.3130179149686892,0.46656436880534424,1.0
1711,2.1102520972590133,1.5402142088317514,0.0
1712,-1.8494011303950058,-1.3671452448918302,0.0
1713,-1.7221218024088358,-1.832542541364528,0.0
1714,0.6325067453633536,0.5705002182022797,1.0
1715,1.9452397881642944,1.7590575946922504,0.0
1716,-0.1927553622348057,-0.2931397324527754,1.0
1717,-0.8462347841117692,-1.1116911251393455,0.0
1718,-0.041913898953710546,0.15006834412987533,1.0
1719,1.3400175154584157,1.7573886682256001,0.0
1720,0.2961864525149183,0.29220919558822767,1.0
1721,0.18667466765619212,-0.6470166544900678,1.0
1722,-1.0835617575620529,-0.011593675182758044,1.0
1723,-2.57428848389061,-2.8090545914730205,0.0
1724,-0.5920117816840631,-2.7674966642169547,0.0
1725,2.6514783348235587,1.1713399483502256,0.0
1726,-1.9595046456555159,-1.9901971495322646,0.0
1727,-0.8251106875903444,0.30059533930796795,1.0
1728,1.3924484447972216,2.1469911242528705,0.0
1729,0.7563413070252896,-0.06023610204081961,1.0
1730,1.7691692887438677,2.336601733098582,0.0
1731,2.3330287654462603,2.393554646823501,0.0
1732,2.0904188862723307,2.417310986897782,0.0
1733,-2.6626300036570703,-1.9687009524434154,0.0
1734,2.1692512397091828,1.7971276741715367,0.0
1735,-2.221509102765466,-2.1436275065455557,0.0
1736,3.096037082396519,1.1263013307661462,0.0
1737,-1.9801461493167438,-2.5124967564886127,0.0
1738,-2.24356503631309,-1.5653788970780214,0.0
1739,0.5404936585254179,-0.9035468109428322,1.0
1740,-0.48417905578640097,-0.9380471670819599,0.0
1741,-1.3588943604103947,-2.2720314823108327,0.0
1742,-0.7932459911221179,-2.0267572558735143,0.0
1743,1.8458781816008498,2.176082838589893,0.0
1744,1.1844599689451396,0.2866851375698816,1.0
1745,0.9367677593734842,-0.5641621415743229,1.0
1746,0.7678872123768131,-0.5315798892245717,1.0
1747,-2.516157471174511,-1.8030192229995468,0.0
1748,0.5503329252695136,-0.03422572059731289,1.0
1749,0.46250217624296197,0.14590092924149503,1.0
1750,-2.2250882699967702,-2.7357177150698115,0.0
1751,-1.204123014580584,-2.5787638545237583,0.0
1752,0.706697702823396,-1.3831001130261125,1.0
1753,1.8936520302863606,1.7722675276124842,0.0
1754,2.8705710884192763,1.6605312028726336,0.0
1755,0.05194990809925145,0.8515530275465707,1.0
1756,0.35151048349076136,0.6818328465238437,1.0
1757,-2.1040783382437276,-2.3060177238533703,0.0
1758,2.008390720915566,1.6526345891648797,0.0
1759,-0.20651787388042872,-0.151626403224964,1.0
1760,2.175272970770518,1.6448551319165636,0.0
1761,1.5564984797655028,1.9647642839786368,0.0
1762,2.169004734488295,1.084533492880672,0.0
1763,-0.8569618156639895,-2.008866331795907,0.0
1764,0.33247654699606183,-0.40207553863637785,1.0
1765,0.24636107479202857,0.2885819100207741,1.0
1766,-0.41342905765078275,-0.32885231248352137,1.0
1767,-0.6109675953401108,-0.3927420809985503,1.0
1768,-1.701168557190286,-2.0157153424065504,0.0
1769,2.1643745463044244,1.204172904495103,0.0
1770,1.4749071506516502,1.6438878095914844,0.0
1771,1.1415709190218986,-0.4653984647639824,1.0
1772,-0.656337034040643,0.12347808224044797,1.0
1773,0.24233761250158428,1.1620274774415311,1.0
1774,2.5165839622975676,0.9854013429145707,0.0
1775,-0.20320931126723854,1.2208575264126922,1.0
1776,-0.02144564012890409,0.20160944559719526,1.0
1777,1.4785931601092193,0.11629904215704784,1.0
1778,-2.822455989525836,-1.4806082463104882,0.0
1779,-2.059071514655259,-2.3980869718172646,0.0
1780,-0.9289525937094254,0.3191847834043148,1.0
1781,-1.4950212415558182,-2.1496751480965695,0.0
1782,0.48123104324430954,-1.1079191889988038,1.0
1783,-2.8770396129568447,-2.410063860073209,0.0
1784,-0.09741513602589236,-1.886300217471252,0.0
1785,-1.5966231457925386,-1.7555228982553337,0.0
1786,0.013114414931922823,0.025523444417874432,1.0
1787,1.8003447412548659,1.8775952765140982,0.0
1788,-2.6884811914466615,-2.2626920268466604,0.0
1789,-1.7813112504556967,-1.1172068263145971,0.0
1790,-2.3913761599610113,-2.3127135873806663,0.0
1791,2.3419065906800545,2.4449306305758136,0.0
1792,-0.5610763256625264,0.2290944057716303,1.0
1793,0.3229977619657061,-0.08546725050562162,1.0
1794,2.401635482835525,2.4431642173956925,0.0
1795,2.0283827000246344,2.143774348453698,0.0
1796,-2.0610183647329228,-1.9884323692921537,0.0
1797,2.141278715231252,2.067384613056362,0.0
1798,-2.6627699585158826,-2.0185617543643755,0.0
1799,-2.6937094590931476,-1.531281138974004,0.0
1800,-0.30655570873935784,0.4648369914402972,1.0
1801,1.4009092130417526,1.5882682916473787,0.0
1802,-0.5167293320391849,-0.3057570797678144,1.0
1803,0.5400325456584434,1.0813453378743283,1.0
1804,3.2055311367049253,1.7061111612448392,0.0
1805,-1.8385855560942521,-1.6850492818124705,0.0
1806,1.9592329277657008,3.4161371513920487,0.0
1807,1.0278355385464628,2.663714883710627,0.0
1808,-0.293835013423816,-0.1675780015670233,1.0
1809,0.16478832216746672,-0.3621722616114544,1.0
1810,1.782996525587389,3.2922317047037897,0.0
1811,-1.7007858350541034,-1.3712167064191685,0.0
1812,-2.2328925154893495,-2.0359568016026546,0.0
1813,-0.607064450463293,0.0509808822226246,1.0
1814,-0.2804646057755438,-0.5160920309547979,1.0
1815,-1.6956566293342308,-2.0697378202322896,0.0
1816,-2.5666677535509503,-2.246029815921529,0.0
1817,-1.780490727249885,-1.2213048398158488,0.0
1818,0.14345224822415953,-0.36473246776917245,1.0
1819,-0.26874890304932414,-0.1192290370024792,1.0
1820,2.782528335109702,2.062886964843369,0.0
1821,-0.613147994656157,-0.6902626618911057,1.0
1822,-3.218410680668897,-0.7613042831844083,0.0
1823,1.3777823936907847,1.3322564630770302,0.0
1824,-0.24736305276272574,-0.24207551005248074,1.0
1825,-0.7515560049019914,-0.3517920151266794,1.0
1826,2.065188922216912,2.0264774592777655,0.0
1827,-0.027067982216000888,0.047473034357721045,1.0
1828,-2.111032202605605,-2.4845890925698133,0.0
1829,0.563151081749861,-0.6115506897030777,1.0
1830,0.9339853886424505,1.4391301842613637,0.0
1831,0.25068034992364885,-0.7441298018446622,1.0
1832,1.9019606479961062,1.9062179189968145,0.0
1833,-2.511551508302388,-1.986224146635229,0.0
1834,-0.44452002252244355,-0.364974690048897,1.0
1835,-1.8631680049255597,-1.8791120319773402,0.0
1836,0.44015692093762177,1.207118557875937,1.0
1837,-2.4034762686655706,-2.215731896924325,0.0
1838,1.1800583831608438,-0.1177403789661252,1.0
1839,0.8004394448028009,1.8929773374317984,0.0
1840,1.5553666799575223,2.036005440174274,0.0
1841,0.17922819599520537,0.5463874033379822,1.0
1842,-3.0945539935626982,-1.8178376573227992,0.0
1843,-0.5399318860460905,0.28924836520332065,1.0
1844,-2.490495858569736,-2.8408083758235865,0.0
1845,-2.2087472895956917,-1.906190618537612,0.0
1846,-1.8935443146477482,-2.241068561724957,0.0
1847,0.011176422396813273,0.6325949849424466,1.0
1848,2.051151544742232,2.059653192025125,0.0
1849,-1.0107103532549297,0.48393826073775575,1.0
1850,2.406347549849822,1.9808533546195155,0.0
1851,0.27688132646468394,-0.02788869361973419,1.0
1852,0.14805961438798235,0.9155745365308849,1.0
1853,2.735998384272488,2.399812725350113,0.0
1854,-0.24020928900805402,-0.8833937570798938,1.0
1855,-0.39165686960922774,-0.8753644383583953,1.0
1856,-2.8887475773183793,-2.7635348810193903,0.0
1857,2.795424775594623,1.7948106333895686,0.0
1858,-2.0235696909364975,-2.7008560986447185,0.0
1859,1.9863986357933914,1.0853629101506828,0.0
1860,-2.1345553605509844,-2.181349838273042,0.0
1861,-1.9937904112602205,-1.5679797443950083,0.0
1862,-0.9757931626960981,-0.08089347065661244,1.0
1863,-2.4619496446671896,-1.6764504852249096,0.0
1864,-0.5834417336114985,0.8077326439333801,1.0
1865,-2.547693335266495,-1.3297902271424884,0.0
1866,0.12755222786252196,0.9282188981945066,1.0
1867,1.742465660256681,0.6426538188537165,0.0
1868,2.238798993977059,2.1426677800715583,0.0
1869,-0.9253728904798071,0.5172888341305604,1.0
1870,-2.0791451838679804,-1.7571429127757014,0.0
1871,1.3954670745302145,2.340121623464643,0.0
1872,-0.5993092776572209,-0.4440820744437081,1.0
1873,-1.2650776614838042,-1.9610863361938542,0.0
1874,-0.5898709102474246,-0.5389931828592096,1.0
1875,-1.1033092733051788,-3.2419910150081197,0.0
1876,0.9601606912492554,-0.11330086813067028,1.0
1877,-2.1452118979221315,-1.089043297786577,0.0
1878,0.8565092751200436,1.6591485678276838,0.0
1879,-0.6137130244825284,-0.6904152025539881,1.0
1880,-0.1329446389224004,0.2545515708605221,1.0
1881,0.4650139579345021,0.2597025728999964,1.0
1882,-1.0784734826201385,-0.6380597628927641,1.0
1883,2.7412294352056863,1.8537177217165268,0.0
1884,2.4079664036695734,0.7021414109623245,0.0
1885,-0.288145225042934,-0.313950566030937,1.0
1886,-0.7802080993310034,-0.48231024241891196,1.0
1887,1.5889418118011438,1.5742873935751998,0.0
1888,-0.6613381145442544,-0.014729654185427422,1.0
1889,-2.0780641725162226,-1.9436280623686588,0.0
1890,-1.3296168106780013,-2.311340122654911,0.0
1891,1.9266245851804518,1.7433744481654543,0.0
1892,-2.458486354343866,-2.8626748842809473,0.0
1893,2.362809218147481,3.0009866357805954,0.0
1894,-2.2407408259467094,-2.4800494856507607,0.0
1895,2.801189766079154,1.7520351167983768,0.0
1896,-2.0662936430395566,-2.996419887121558,0.0
1897,-0.03293291085263309,0.3135345611992872,1.0
1898,0.7819085769890595,0.0771217901136289,1.0
1899,-1.5123955747345745,-1.6476443723601044,0.0
1900,2.3877306649371057,1.9210574532428433,0.0
1901,1.849446561931304,0.9342769855939812,0.0
1902,0.6364289996053017,-0.5160773257754768,1.0
1903,-1.9948232606494543,-1.6837974749272042,0.0
1904,-0.28401655530148723,-0.12214240288408618,1.0
1905,1.0802776574761366,-0.7170622640780854,1.0
1906,-1.821960096503532,-1.5020083045513382,0.0
1907,-2.341587232082111,-1.8380573870355432,0.0
1908,1.9453803992853167,0.9026140188224328,0.0
1909,-2.4878877692266723,-3.035769561399006,0.0
1910,-1.6755358488197658,-3.090846578230142,0.0
1911,2.6088426168978662,2.8641821846105735,0.0
1912,-0.28158644176746406,0.525417407267704,1.0
1913,-1.5355036341087103,-2.4646753812624955,0.0
1914,-1.1812808911385173,-2.4136695107299624,0.0
1915,2.4506151825138622,1.4605322369440767,0.0
1916,-2.036982831303329,-2.8596412939604647,0.0
1917,0.6462224837685219,-0.13489593676209088,1.0
1918,-0.46130949580488595,-0.7014574483932162,1.0
1919,-2.1217381044600003,-2.0659296675855883,0.0
1920,-2.0102122483168645,-1.772508958666951,0.0
1921,-0.8897300145444255,-0.7856472877986085,1.0
1922,0.3304731684616388,0.3572538940582338,1.0
1923,-2.3196216751877325,-1.3455501593393,0.0
1924,2.124400427627414,2.4554940050649403,0.0
1925,-1.6596258332883984,-2.1336050603090926,0.0
1926,-1.8696922204170319,-1.9530732913447086,0.0
1927,-0.8219157011717654,0.46767631875543686,1.0
1928,1.1309198820512072,1.0563221284710962,0.0
1929,2.4150707171074304,2.3386329254628357,0.0
1930,2.202989323535396,2.8680752443521937,0.0
1931,2.409301689684569,2.939369515787651,0.0
1932,1.1647904500651785,2.3553234089864237,0.0
1933,-1.8352901853656363,-2.5345490497973167,0.0
1934,0.36129809374563826,0.5239638289804222,1.0
1935,1.9012431608117524,2.248768110854759,0.0
1936,-1.8756375518158288,-1.8153604551923408,0.0
1937,-0.09244343905490118,0.7161670084495189,1.0
1938,-1.7474490294946061,-1.8520386882431994,0.0
1939,1.0443776675371985,-0.1760910329336265,1.0
1940,-0.756895048074369,0.3084025078896381,1.0
1941,-2.3815076470273286,-1.5941400230321001,0.0
1942,0.22270353158942352,-0.5938935297282715,1.0
1943,2.130360010815998,1.0126437657260048,0.0
1944,0.10192677587815466,0.054495556221795124,1.0
1945,-1.1063864227553117,-1.6872177510345718,0.0
1946,2.006154690175647,3.0808695251720932,0.0
1947,-1.4379545218788459,-1.152603376377534,0.0
1948,-1.462843836266042,-1.1750215601642062,0.0
1949,-2.380593256208578,-2.2176446995922827,0.0
1950,-0.1986063620410475,0.27017329838840654,1.0
1951,-2.6001292084337386,-2.926862658066567,0.0
1952,-0.9566763935272935,-1.4033633652107007,0.0
1953,2.0832471507741075,1.2354083793593498,0.0
1954,-2.4228201655137402,-1.4340435650183032,0.0
1955,1.3870640884509857,1.7179854100069982,0.0
1956,0.35962162351337823,-0.15379013621378565,1.0
1957,-1.4381608738685243,-2.315384355861164,0.0
1958,-1.1591931012248242,-2.246229076194722,0.0
1959,-1.0880030835405363,-0.9682464155502832,0.0
1960,2.1258841585405466,1.6054051977051351,0.0
1961,-2.1241668263343745,-2.406857276471748,0.0
1962,1.7569362263231232,3.0471707436125564,0.0
1963,-0.3042219792752663,-1.2064693611515267,1.0
1964,-2.4833759045236206,-2.6709871545929795,0.0
1965,-0.08546872127330479,-0.7852581085431648,1.0
1966,-1.3817370395506372,-3.228394167834777,0.0
1967,2.2520849733270163,2.334492077542938,0.0
1968,2.684293054512254,2.1036948052642117,0.0
1969,-1.7177401130921108,-1.8131317570675067,0.0
1970,1.594143296694269,2.296461815608352,0.0
1971,2.4165060322352083,1.8714758691404298,0.0
1972,0.17746745310413234,0.5055532778741882,1.0
1973,-2.6001982093722233,-0.995608575793574,0.0
1974,0.572513748539259,0.32648685141480477,1.0
1975,0.8343203802443628,-0.9848091652938175,1.0
1976,-1.8565126516077277,-1.161262243347959,0.0
1977,2.1904399161974144,2.903340169854385,0.0
1978,-3.0611230704062184,-1.7867109243537387,0.0
1979,1.5540634759896093,1.7628667604899642,0.0
1980,-2.282019729620525,-2.1300388823453233,0.0
1981,-1.5803717098473098,-2.6367333724675452,0.0
1982,0.3806320039134307,0.9775654619753169,1.0
1983,-1.4381325645013305,-2.0210571061218023,0.0
1984,0.49881063479086096,0.29278360959780275,1.0
1985,-2.683404915870179,-2.7286408297755553,0.0
1986,-2.394755655522077,-1.4186704168621695,0.0
1987,-2.312947806796024,-2.7108119542469313,0.0
1988,2.359992045897405,1.5389700084213935,0.0
1989,0.5260360642142714,-1.0961468269827106,1.0
1990,-1.4471549613136512,-1.7235113137107017,0.0
1991,0.841706844060146,0.2015068328431878,1.0
1992,0.7337264682320459,-1.2519060173131125,1.0
1993,-1.358196180621485,0.22501195189209194,1.0
1994,-2.2504864099310202,-2.658497992862147,0.0
1995,0.009894892188518722,-0.7330658008168631,1.0
1996,0.49522333925250883,-0.17899390139750024,1.0
1997,-2.3951317800830023,-2.3085403795639934,0.0
1998,-1.4422969331122832,-1.6506652451612456,0.0
1999,0.6354163526651798,-0.6135386347564113,1.0
